Attribute ID,Attribute Name,Family Classification information,Family Classification - Family Classification ID,Mandatory Attribute,UoM,Attribute Data Type information,Attribute Data Type - Attribute Type ID,Created by,Created,Updated by,Last Updated
105303 j4i02949,THERMAL RESISTANCE,HEAT SINKS/HEAT DISSIPATORS,105303,No,°C/W,2 - Decimal,2,,,,
105328 j4i02949,THERMAL RESISTANCE,THERMAL SHEET INSULATORS,105328,No,°C/W,2 - Decimal,2,,,,
105329 j4i02949,THERMAL RESISTANCE,ELECTRO-THERMAL SHEET INSULATORS,105329,No,°C/W,2 - Decimal,2,,,,
109328 j4i09229,GRANULOMETRY,SAND,109328,No,µm,2 - Decimal,2,,,,
109357 j4i02980,FILTRATION THRESHOLD,FILTERS AND ACCESSORIES,109357,No,µm,2 - Decimal,2,,,,
109367 j4i08312,THICKNESS,OLD PAINTING PRODUCTS,109367,No,µm,2 - Decimal,2,,,,
105385 j4i02992,REVERSE RECOVERY TIME,POWER / RECTIFICATION DIODES,105385,No,µs,2 - Decimal,2,,,,
105389 j4i02992,REVERSE RECOVERY TIME,DIODES BRIDGES,105389,No,µs,2 - Decimal,2,,,,
105397 j4i02938,SPEED,THYRISTORS AND GTOS,105397,No,µs,2 - Decimal,2,,,,
108249 j4i02992,REVERSE RECOVERY TIME,POWER / RECTIFICATION DIODES FOR PRINTED CIRCUIT BOARD,108249,No,µs,2 - Decimal,2,,,,
108437 j4i02992,REVERSE RECOVERY TIME,POWER DIODE ON SPECIFICATION,108437,No,µs,2 - Decimal,2,,,,
105005 j4i02287,RATED CURRENT,RECTIFIERS,105005,No,A,2 - Decimal,2,,,,
105013 j4i02286,OUTPUT CURRENT,CURRENT SENSORS,105013,No,A,2 - Decimal,2,,,,
105013 j4i02287,RATED CURRENT,CURRENT SENSORS,105013,No,A,2 - Decimal,2,,,,
105013 j4i03835,MINIMUM INTENSITY,CURRENT SENSORS,105013,No,A,2 - Decimal,2,,,,
105013 j4i03836,MAXIMUM INTENSITY,CURRENT SENSORS,105013,No,A,2 - Decimal,2,,,,
105015 j4i02286,OUTPUT CURRENT,TEMPERATURE SENSORS,105015,No,A,2 - Decimal,2,,,,
105016 j4i02286,OUTPUT CURRENT,PRESSURE SENSORS,105016,No,A,2 - Decimal,2,,,,
105017 j4i02286,OUTPUT CURRENT,SIGNAL SENSORS,105017,No,A,2 - Decimal,2,,,,
105021 j4i02287,RATED CURRENT,ROOF CIRCUIT BREAKERS,105021,No,A,2 - Decimal,2,,,,
105022 j4i08331,NOMINAL DISCHARGE CURRENT,LIGHTNING ARRESTORS,105022,No,A,2 - Decimal,2,,,,
105023 j4i03836,MAXIMUM INTENSITY,HIGH FREQUENCY FILTERS,105023,No,A,2 - Decimal,2,,,,
105069 j4i03791,RATED CURRENT OF CONTACTS,SUB-D CONNECTOR,105069,No,A,2 - Decimal,2,,,,
105070 j4i03791,RATED CURRENT OF CONTACTS,ELECTRONIC / VARIED CONNECTORS,105070,No,A,2 - Decimal,2,,,,
105164 j4i02287,RATED CURRENT,GENERAL-PURPOSE TERMINALS,105164,No,A,2 - Decimal,2,,,,
105175 j4i02287,RATED CURRENT,SPECIFIC DISCONNECT SWITCH,105175,No,A,2 - Decimal,2,,,,
105175 j4i03791,RATED CURRENT OF CONTACTS,SPECIFIC DISCONNECT SWITCH,105175,No,A,2 - Decimal,2,,,,
105301 j4i02287,RATED CURRENT,KEYBOARDS,105301,No,A,2 - Decimal,2,,,,
105336 j4i02287,RATED CURRENT,VARISTORS / CROWBARS,105336,No,A,2 - Decimal,2,,,,
105347 j4i02287,RATED CURRENT,INDUCTION COILS/INDUCTIVE REACTANCES,105347,No,A,2 - Decimal,2,,,,
105350 j4i02292,SECONDARY CURRENT,IMPULSE TRANSFORMERS,105350,No,A,2 - Decimal,2,,,,
105351 j4i02292,SECONDARY CURRENT,SUPPLY TRANSFORMER,105351,No,A,2 - Decimal,2,,,,
105352 j4i02292,SECONDARY CURRENT,ISOLATING TRANSFORMERS,105352,No,A,2 - Decimal,2,,,,
105356 j4i02287,RATED CURRENT,TERMINAL BLOCKS,105356,No,A,2 - Decimal,2,,,,
105385 j4i02287,RATED CURRENT,POWER / RECTIFICATION DIODES,105385,No,A,2 - Decimal,2,,,,
105387 j4i02287,RATED CURRENT,CROWBAR / PROTECTION DIODES,105387,No,A,2 - Decimal,2,,,,
105388 j4i02287,RATED CURRENT,AVALANCHE DIODES,105388,No,A,2 - Decimal,2,,,,
105389 j4i02287,RATED CURRENT,DIODES BRIDGES,105389,No,A,2 - Decimal,2,,,,
105390 j4i02287,RATED CURRENT,SCHOTTKY / SIGNALLING DIODES,105390,No,A,2 - Decimal,2,,,,
105392 j4i02287,RATED CURRENT,TWO-POLE NPN TRANSISTORS,105392,No,A,2 - Decimal,2,,,,
105393 j4i02287,RATED CURRENT,CHANNEL P TRANSISTORS,105393,No,A,2 - Decimal,2,,,,
105394 j4i02287,RATED CURRENT,TWO-POLE PNP TRANSISTORS,105394,No,A,2 - Decimal,2,,,,
105395 j4i02287,RATED CURRENT,UNIJUNCTION TRANSISTORS,105395,No,A,2 - Decimal,2,,,,
105396 j4i02287,RATED CURRENT,CHANNEL N TRANSISTORS,105396,No,A,2 - Decimal,2,,,,
105397 j4i02287,RATED CURRENT,THYRISTORS AND GTOS,105397,No,A,2 - Decimal,2,,,,
105404 j4i02287,RATED CURRENT,DISPLAY INDICATORS,105404,No,A,2 - Decimal,2,,,,
105408 j4i02287,RATED CURRENT,LEDS DISPLAYS,105408,No,A,2 - Decimal,2,,,,
105410 j4i02285,INPUT CURRENT,OPTOCOUPLERS,105410,No,A,2 - Decimal,2,,,,
105410 j4i02286,OUTPUT CURRENT,OPTOCOUPLERS,105410,No,A,2 - Decimal,2,,,,
105411 j4i02285,INPUT CURRENT,OPTIC FIBRE TRANSMITTERS,105411,No,A,2 - Decimal,2,,,,
105412 j4i02286,OUTPUT CURRENT,OPTIC FIBRE RECEIVERS,105412,No,A,2 - Decimal,2,,,,
105428 j4i02286,OUTPUT CURRENT,SENSORS ACCESSORIES,105428,No,A,2 - Decimal,2,,,,
105437 j4i02286,OUTPUT CURRENT,SPEED SENSORS,105437,No,A,2 - Decimal,2,,,,
107042 j4i02286,OUTPUT CURRENT,DISPLACEMENT SENSORS,107042,No,A,2 - Decimal,2,,,,
108248 j4i02286,OUTPUT CURRENT,POWER SUPPLY / CONVERTERS FOR PRINTED CIRCUIT BOARD,108248,No,A,2 - Decimal,2,,,,
108249 j4i02287,RATED CURRENT,POWER / RECTIFICATION DIODES FOR PRINTED CIRCUIT BOARD,108249,No,A,2 - Decimal,2,,,,
108250 j4i02287,RATED CURRENT,BUSBAR FOR PRINTED CIRCUIT BOARD,108250,No,A,2 - Decimal,2,,,,
108253 j4i03791,RATED CURRENT OF CONTACTS,CYLINDRICAL CONNECTORS FOR PRINTED CIRCUIT BOARD,108253,No,A,2 - Decimal,2,,,,
108254 j4i03791,RATED CURRENT OF CONTACTS,POWER CONNECTORS FOR PRINTED CIRCUIT BOARD,108254,No,A,2 - Decimal,2,,,,
108255 j4i03791,RATED CURRENT OF CONTACTS,DIN 41612 CONNECTORS FOR PRINTED CIRCUIT BOARD,108255,No,A,2 - Decimal,2,,,,
108258 j4i03791,RATED CURRENT OF CONTACTS,RECTANGULAR CONNECTORS FOR PRINTED CIRCUIT BOARD,108258,No,A,2 - Decimal,2,,,,
108263 j4i03791,RATED CURRENT OF CONTACTS,BISTABLE RELAYS FOR PRINTED CIRCUIT BOARD,108263,No,A,2 - Decimal,2,,,,
108264 j4i03791,RATED CURRENT OF CONTACTS,MONOSTABLE RELAYS FOR PRINTED CIRCUIT BOARD,108264,No,A,2 - Decimal,2,,,,
108267 j4i02287,RATED CURRENT,FUSES FOR PRINTED CIRCUIT BOARD,108267,No,A,2 - Decimal,2,,,,
108268 j4i02287,RATED CURRENT,FUSE HOLDERS FOR PRINTED CIRCUIT BOARD,108268,No,A,2 - Decimal,2,,,,
108405 j4i08320,RATED CURRENT,TERMINAL BLOCKS SIGNALLING,108405,No,A,2 - Decimal,2,,,,
108419 j4i03791,RATED CURRENT OF CONTACTS,RECTANGULAR CONNECTORS SIGNALLING,108419,No,A,2 - Decimal,2,,,,
108424 j4i03791,RATED CURRENT OF CONTACTS,CONTACT PLUGS FOR CONNECTORS SIGNALLING,108424,No,A,2 - Decimal,2,,,,
108428 j4i02287,RATED CURRENT,MICRO-CIRCUIT BREAKERS SIGNALLING,108428,No,A,2 - Decimal,2,,,,
108435 j4i02286,OUTPUT CURRENT,STATIC CONVERTERS,108435,No,A,2 - Decimal,2,,,,
108445 j4i02287,RATED CURRENT,SPECIFIC SWITCH,108445,No,A,2 - Decimal,2,,,,
108447 j4i02287,RATED CURRENT,HIGH VOLTAGE RELAY,108447,No,A,2 - Decimal,2,,,,
108447 j4i03791,RATED CURRENT OF CONTACTS,HIGH VOLTAGE RELAY,108447,No,A,2 - Decimal,2,,,,
109254 j4i03835,MINIMUM INTENSITY,SWITCHES,109254,No,A,2 - Decimal,2,,,,
109254 j4i03836,MAXIMUM INTENSITY,SWITCHES,109254,No,A,2 - Decimal,2,,,,
109255 j4i03835,MINIMUM INTENSITY,SWITCHING ELEMENTS,109255,No,A,2 - Decimal,2,,,,
109255 j4i03836,MAXIMUM INTENSITY,SWITCHING ELEMENTS,109255,No,A,2 - Decimal,2,,,,
109261 j4i03791,RATED CURRENT OF CONTACTS,CONTACTORS,109261,No,A,2 - Decimal,2,,,,
109262 j4i03791,RATED CURRENT OF CONTACTS,CONTACTOR ACCESSORIES,109262,No,A,2 - Decimal,2,,,,
109263 j4i03516,DROP OUT THRESHOLD,RELAYS,109263,No,A,2 - Decimal,2,,,,
109264 j4i03791,RATED CURRENT OF CONTACTS,RELAY ACCESSORIES,109264,No,A,2 - Decimal,2,,,,
109266 j4i02286,OUTPUT CURRENT,POWER CONDITIONING EQUIPMENT,109266,No,A,2 - Decimal,2,,,,
109266 j4i02291,PRIMARY CURRENT,POWER CONDITIONING EQUIPMENT,109266,No,A,2 - Decimal,2,,,,
109266 j4i02292,SECONDARY CURRENT,POWER CONDITIONING EQUIPMENT,109266,No,A,2 - Decimal,2,,,,
109268 j4i08887,CALIBER,CIRCUIT BREAKERS,109268,No,A,2 - Decimal,2,,,,
109268 j4i08888,SENSITIVITY,CIRCUIT BREAKERS,109268,No,A,2 - Decimal,2,,,,
109270 j4i02287,RATED CURRENT,FUSE PARTS OR ACCESSORIES,109270,No,A,2 - Decimal,2,,,,
109273 j4i03791,RATED CURRENT OF CONTACTS,CONNECTORS,109273,No,A,2 - Decimal,2,,,,
109274 j4i02287,RATED CURRENT,CONTACTS FOR CONNECTORS,109274,No,A,2 - Decimal,2,,,,
109276 j4i02287,RATED CURRENT,ELECTRICAL TERMINAL BLOCKS,109276,No,A,2 - Decimal,2,,,,
109278 j4i02287,RATED CURRENT,TERMINAL STRIPS,109278,No,A,2 - Decimal,2,,,,
109279 j4i02287,RATED CURRENT,ELECTRICAL INSULATORS,109279,No,A,2 - Decimal,2,,,,
109280 j4i02287,RATED CURRENT,ELECTRICAL PLUGS AND ACCESSORIES,109280,No,A,2 - Decimal,2,,,,
109286 j4i09016,INRUSH CURRENT,MOTORS,109286,No,A,2 - Decimal,2,,,,
109287 j4i08977,CHARGING CURRENT,BATTERIES AND ACCESSORIES,109287,No,A,2 - Decimal,2,,,,
109292 j4i08992,MEASURING RANGE: MINIMUM VALUE,ELECTRICAL INDICATING AND RECORDING INSTRUMENTS,109292,No,A,2 - Decimal,2,,,,
109292 j4i08993,MEASURING RANGE: MAXIMUM VALUE,ELECTRICAL INDICATING AND RECORDING INSTRUMENTS,109292,No,A,2 - Decimal,2,,,,
109293 j4i09022,RATED CURRENT,TEMPERATURE AND HEAT MEASURING INSTRUMENTS,109293,No,A,2 - Decimal,2,,,,
109294 j4i08920,MEASURING RANGE A/AC MAX,ELECTRICAL MEASURING AND TESTING EQUIPMENT AND ACCESSORIES,109294,No,A,2 - Decimal,2,,,,
109294 j4i08921,MEASURING RANGE A/DC MAX,ELECTRICAL MEASURING AND TESTING EQUIPMENT AND ACCESSORIES,109294,No,A,2 - Decimal,2,,,,
109295 j4i02287,RATED CURRENT,PRESSURE MEASURING AND CONTROL INSTRUMENTS,109295,No,A,2 - Decimal,2,,,,
109299 j4i08988,ALARM CURRENT,FIRE PREVENTION,109299,No,A,2 - Decimal,2,,,,
109586 j4i02287,RATED CURRENT,CIRCUIT BREAKER ACCESSORIES,109586,No,A,2 - Decimal,2,,,,
109287 j4i08976,CAPACITY,BATTERIES AND ACCESSORIES,109287,No,A.h,2 - Decimal,2,,,,
105378 j4i03772,BITS NUMBER,MEMORY CIRCUITS,105378,No,Bit,4 - Integer,4,,,,
100323 j4i03324,AXIAL MAXIMUM LOAD,RESILIENT MOUNTS,100323,No,daN,2 - Decimal,2,,,,
109309 j4i08997,PRESSURE FORCE ON ARM,WINDSHIELD WIPERS,109309,No,daN,2 - Decimal,2,,,,
109314 j4i02040,STATIC RADIAL LOAD,MECHANICAL CONNECTIONS,109314,No,daN,2 - Decimal,2,,,,
109321 j4i02035,BREAKING LOAD,HAND TOOLS,109321,No,daN,2 - Decimal,2,,,,
109327 j4i02035,BREAKING LOAD,"SLINGS, STRAPS AND LIFTING RINGS",109327,No,daN,2 - Decimal,2,,,,
109386 j4i02035,BREAKING LOAD,QUARTER TURN QUICK LOCKS,109386,No,daN,2 - Decimal,2,,,,
109388 j4i02035,BREAKING LOAD,LATCHES,109388,No,daN,2 - Decimal,2,,,,
109390 j4i02191,DYNAMIC FORCE,GAS SPRINGS,109390,No,daN,2 - Decimal,2,,,,
109398 j4i02035,BREAKING LOAD,CHAINS,109398,No,daN,2 - Decimal,2,,,,
109399 j4i02035,BREAKING LOAD,MECHANICAL WIRES AND CABLES,109399,No,daN,2 - Decimal,2,,,,
109406 j4i02038,DYNAMIC LOAD,BALL BEARINGS,109406,No,daN,2 - Decimal,2,,,,
109407 j4i02033,DYNAMIC AXIAL LOAD,ROLLER BEARINGS,109407,No,daN,2 - Decimal,2,,,,
109407 j4i02038,DYNAMIC LOAD,ROLLER BEARINGS,109407,No,daN,2 - Decimal,2,,,,
109408 j4i02033,DYNAMIC AXIAL LOAD,THRUST BEARINGS,109408,No,daN,2 - Decimal,2,,,,
109409 j4i02033,DYNAMIC AXIAL LOAD,NEEDLE BEARINGS,109409,No,daN,2 - Decimal,2,,,,
109409 j4i02038,DYNAMIC LOAD,NEEDLE BEARINGS,109409,No,daN,2 - Decimal,2,,,,
109411 j4i02033,DYNAMIC AXIAL LOAD,COMBINATION BEARINGS,109411,No,daN,2 - Decimal,2,,,,
109411 j4i02038,DYNAMIC LOAD,COMBINATION BEARINGS,109411,No,daN,2 - Decimal,2,,,,
109403 j4i02936,RIGIDITY,"TORSION, COMPRESSION AND EXTENSION SPRINGS",109403,No,daN.mm,2 - Decimal,2,,,,
105067 j4i03521,INSERTION LOSS,OPTIC FIBRE CONNECTORS,105067,No,dB,2 - Decimal,2,,,,
105067 j4i03522,REFLECTION LOSS,OPTIC FIBRE CONNECTORS,105067,No,dB,2 - Decimal,2,,,,
105270 j4i03214,GAIN.,AMPLIFIER,105270,No,dB,2 - Decimal,2,,,,
105272 j4i02815,SOUND PRESSURE LEVEL,LOUDSPEAKERS,105272,No,dB,2 - Decimal,2,,,,
108257 j4i03521,INSERTION LOSS,OPTIC FIBRE CONNECTORS FOR PRINTED CIRCUIT BOARD,108257,No,dB,2 - Decimal,2,,,,
108257 j4i03522,REFLECTION LOSS,OPTIC FIBRE CONNECTORS FOR PRINTED CIRCUIT BOARD,108257,No,dB,2 - Decimal,2,,,,
109297 j4i02815,SOUND PRESSURE LEVEL,SAFETY HORNS,109297,No,dB,2 - Decimal,2,,,,
109299 j4i02815,SOUND PRESSURE LEVEL,FIRE PREVENTION,109299,No,dB,2 - Decimal,2,,,,
104102 j4i03750,OPTIMAL SETTING DURATION,SEALING / PROTECTION RESINS,104102,No,h,2 - Decimal,2,,,,
105340 j4i02189,T° SERVICE LIFE,ELECTROLYTIC CAPACITORS,105340,No,h,2 - Decimal,2,,,,
105341 j4i02189,T° SERVICE LIFE,TANTALUM CAPACITORS,105341,No,h,2 - Decimal,2,,,,
108251 j4i02189,T° SERVICE LIFE,ELECTROLYTIC CAPACITORS FOR PRINTED CIRCUIT BOARD,108251,No,h,2 - Decimal,2,,,,
109362 j4i03750,OPTIMAL SETTING DURATION,EXPANDING FOAMS,109362,No,h,2 - Decimal,2,,,,
109363 j4i03749,SKIN FORMATION TIME,GLUES AND SEALANTS,109363,No,h,2 - Decimal,2,,,,
109367 j4i02993,DRYING DURATION,OLD PAINTING PRODUCTS,109367,No,h,2 - Decimal,2,,,,
109367 j4i08315,APPARENT DRYING,OLD PAINTING PRODUCTS,109367,No,h,2 - Decimal,2,,,,
109367 j4i08316,DRYING TO THE TOUCH,OLD PAINTING PRODUCTS,109367,No,h,2 - Decimal,2,,,,
109367 j4i08317,HARD DRYING AFTER,OLD PAINTING PRODUCTS,109367,No,h,2 - Decimal,2,,,,
109377 j4i02993,DRYING DURATION,PAINT PRIMERS,109377,No,h,2 - Decimal,2,,,,
105023 j4i02260,FREQUENCY,HIGH FREQUENCY FILTERS,105023,No,Hz,2 - Decimal,2,,,,
105437 j4i03870,MINIMUM FREQUENCY,SPEED SENSORS,105437,No,Hz,2 - Decimal,2,,,,
105437 j4i03871,MAXIMUM FREQUENCY,SPEED SENSORS,105437,No,Hz,2 - Decimal,2,,,,
108438 j4i02260,FREQUENCY,SPECIFIC CAPACITOR,108438,No,Hz,2 - Decimal,2,,,,
108441 j4i08489,SUPPLY FREQUENCY,AIR CIRCULATION AND COOLING EQUIPMENT FOR TRACTION,108441,No,Hz,2 - Decimal,2,,,,
109297 j4i02260,FREQUENCY,SAFETY HORNS,109297,No,Hz,2 - Decimal,2,,,,
109359 j4i08489,SUPPLY FREQUENCY,PUMPS AND COMPRESSORS,109359,No,Hz,2 - Decimal,2,,,,
105336 j4i03885,ENERGY,VARISTORS / CROWBARS,105336,No,J,2 - Decimal,2,,,,
109282 j4i08980,MINIMUM COLOR TEMPERATURE,LAMPS AND LIGHTBULBS AND LAMP COMPONENTS,109282,No,K,2 - Decimal,2,,,,
109282 j4i08981,MAXIMUM COLOR TEMPERATURE,LAMPS AND LIGHTBULBS AND LAMP COMPONENTS,109282,No,K,2 - Decimal,2,,,,
109283 j4i08980,MINIMUM COLOR TEMPERATURE,LIGHTING FIXTURES AND ACCESSORIES,109283,No,K,2 - Decimal,2,,,,
109283 j4i08981,MAXIMUM COLOR TEMPERATURE,LIGHTING FIXTURES AND ACCESSORIES,109283,No,K,2 - Decimal,2,,,,
105021 j4i02904,OPERATIONAL BREAKING CAPACITY,ROOF CIRCUIT BREAKERS,105021,No,kA,2 - Decimal,2,,,,
108267 j4i02904,OPERATIONAL BREAKING CAPACITY,FUSES FOR PRINTED CIRCUIT BOARD,108267,No,kA,2 - Decimal,2,,,,
109268 j4i02904,OPERATIONAL BREAKING CAPACITY,CIRCUIT BREAKERS,109268,No,kA,2 - Decimal,2,,,,
109270 j4i02904,OPERATIONAL BREAKING CAPACITY,FUSE PARTS OR ACCESSORIES,109270,No,kA,2 - Decimal,2,,,,
105378 j4i02030,MEMORY CAPACITY,MEMORY CIRCUITS,105378,No,Kbit,2 - Decimal,2,,,,
109312 j4i08107,MAX LOAD,TRAIN WHEELS,109312,No,kg,2 - Decimal,2,,,,
109317 j4i08104,MAX WEIGHT,SMALL EQUIPMENT FOR INDOOR,109317,No,kg,2 - Decimal,2,,,,
109320 j4i08104,MAX WEIGHT,HOLDING AND POSITIONING AND JIG TOOLS,109320,No,kg,2 - Decimal,2,,,,
109320 j4i08107,MAX LOAD,HOLDING AND POSITIONING AND JIG TOOLS,109320,No,kg,2 - Decimal,2,,,,
109322 j4i08107,MAX LOAD,LADDERS AND SCAFFOLDINGS,109322,No,kg,2 - Decimal,2,,,,
109325 j4i08104,MAX WEIGHT,HANDLING CARRIAGES,109325,No,kg,2 - Decimal,2,,,,
109326 j4i08104,MAX WEIGHT,STACKERS AND LIFTING EQUIPMENT,109326,No,kg,2 - Decimal,2,,,,
109388 j4i03158,FORCE,LATCHES,109388,No,kg,2 - Decimal,2,,,,
109393 j4i08107,MAX LOAD,TELESCOPIC SLIDES AND GUIDE RAILS,109393,No,kg,2 - Decimal,2,,,,
109356 j4i09063,LINEAR DENSITY,PIPES AND DUCTS,109356,No,kg/m,2 - Decimal,2,,,,
109477 j4i09063,LINEAR DENSITY,OTHER METALLIC PROFILES,109477,No,kg/m,2 - Decimal,2,,,,
109478 j4i09063,LINEAR DENSITY,METALLIC RODS,109478,No,kg/m,2 - Decimal,2,,,,
109557 j4i09063,LINEAR DENSITY,STEEL PROFILES,109557,No,kg/m,2 - Decimal,2,,,,
109558 j4i09063,LINEAR DENSITY,ALUMINIUM PROFILES,109558,No,kg/m,2 - Decimal,2,,,,
109378 j4i09227,DENSITY,SOUNDPROOFING,109378,No,kg/m3,2 - Decimal,2,,,,
109470 j4i09227,DENSITY,PLATES AND STRIPS FOR INSULATION,109470,No,kg/m3,2 - Decimal,2,,,,
109472 j4i09227,DENSITY,FLAT PLASTIC STRIP / TAPE,109472,No,kg/m3,2 - Decimal,2,,,,
109473 j4i09227,DENSITY,NON-METALLIC PLATES,109473,No,kg/m3,2 - Decimal,2,,,,
109392 j4i02947,BREAK RESISTANCE,HOOKS,109392,No,kg/mm2,2 - Decimal,2,,,,
105263 j4i03770,HF FREQUENCY,RADIO RACKS,105263,No,kHz,2 - Decimal,2,,,,
105265 j4i03770,HF FREQUENCY,RADIO HANDSETS,105265,No,kHz,2 - Decimal,2,,,,
105266 j4i03770,HF FREQUENCY,RADIO CONTROL UNITS,105266,No,kHz,2 - Decimal,2,,,,
105279 j4i03770,HF FREQUENCY,TELEPHONE RADIO HANDSETS,105279,No,kHz,2 - Decimal,2,,,,
105287 j4i03770,HF FREQUENCY,ANTENNAS,105287,No,kHz,2 - Decimal,2,,,,
105344 j4i03770,HF FREQUENCY,QUARTZ RESONATORS,105344,No,kHz,2 - Decimal,2,,,,
105345 j4i03770,HF FREQUENCY,TIME BASE OSCILLATORS,105345,No,kHz,2 - Decimal,2,,,,
105380 j4i03770,HF FREQUENCY,MICRO-PERIPHERAL CIRCUITS,105380,No,kHz,2 - Decimal,2,,,,
105381 j4i03770,HF FREQUENCY,COMPOUND / HYBRID CIRCUITS,105381,No,kHz,2 - Decimal,2,,,,
106046 j4i03151,MAXIMUM  OPERATING SPEED,BOGIE ASSEMBLIES,106046,No,km/h,2 - Decimal,2,,,,
109279 j4i02994,PERFORATION VOLTAGE,ELECTRICAL INSULATORS,109279,No,kV,2 - Decimal,2,,,,
105437 j4i03436,DIELECTRIC STRENGTH,SPEED SENSORS,105437,No,kV/mm,2 - Decimal,2,,,,
108442 j4i03948,POWER,MOTOR PUMP,108442,No,kW,2 - Decimal,2,,,,
108450 j4i03948,POWER,POWER TRANSFORMERS FOR TRACTION,108450,No,kW,2 - Decimal,2,,,,
109313 j4i02934,TRANSMITTED POWER,MECHANICAL TRANSMISSION SYSTEMS,109313,No,kW,2 - Decimal,2,,,,
109359 j4i03435,ABSORBED POWER,PUMPS AND COMPRESSORS,109359,No,kW,2 - Decimal,2,,,,
109290 j4i02029,CAPACITY,DOMESTIC APPLIANCES,109290,No,l,2 - Decimal,2,,,,
109300 j4i02029,CAPACITY,FIRE FIGHTING EQUIPMENT,109300,No,l,2 - Decimal,2,,,,
109323 j4i02029,CAPACITY,LUBRICATORS AND OTHER ACCESSORIES FOR MACHINERY,109323,No,l,2 - Decimal,2,,,,
109341 j4i03152,VOLUME,TANKS AND ACCESSORIES,109341,No,l,2 - Decimal,2,,,,
108442 j4i08344,HEAD,MOTOR PUMP,108442,No,m,2 - Decimal,2,,,,
105404 j4i03577,LIGHT INTENSITY,DISPLAY INDICATORS,105404,No,mcd,2 - Decimal,2,,,,
105408 j4i03577,LIGHT INTENSITY,LEDS DISPLAYS,105408,No,mcd,2 - Decimal,2,,,,
105003 j4i03140,INDUCTOR CAPACITY,SPECIFIC INDUCTANCE,105003,No,mH,2 - Decimal,2,,,,
105347 j4i03140,INDUCTOR CAPACITY,INDUCTION COILS/INDUCTIVE REACTANCES,105347,No,mH,2 - Decimal,2,,,,
100323 j4i02112,DIAMETER,RESILIENT MOUNTS,100323,No,mm,2 - Decimal,2,,,,
100323 j4i02295,WIDTH,RESILIENT MOUNTS,100323,No,mm,2 - Decimal,2,,,,
100323 j4i02306,LENGTH,RESILIENT MOUNTS,100323,No,mm,2 - Decimal,2,,,,
100323 j4i03338,COMPRESSION DEFLECTION,RESILIENT MOUNTS,100323,No,mm,2 - Decimal,2,,,,
100323 j4i03341,VERTICAL CLEARANCE,RESILIENT MOUNTS,100323,No,mm,2 - Decimal,2,,,,
101337 j4i02265,HEIGHT,RESTROOM SUPPLIES,101337,No,mm,2 - Decimal,2,,,,
101337 j4i02295,WIDTH,RESTROOM SUPPLIES,101337,No,mm,2 - Decimal,2,,,,
101337 j4i02306,LENGTH,RESTROOM SUPPLIES,101337,No,mm,2 - Decimal,2,,,,
105164 j4i02122,PINNING DIAMETER,GENERAL-PURPOSE TERMINALS,105164,No,mm,2 - Decimal,2,,,,
105164 j4i02145,MOUNTING DIAMETER,GENERAL-PURPOSE TERMINALS,105164,No,mm,2 - Decimal,2,,,,
105168 j4i02306,LENGTH,CABLE LEADS / BUNDLES,105168,No,mm,2 - Decimal,2,,,,
105168 j4i02879,PITCH,CABLE LEADS / BUNDLES,105168,No,mm,2 - Decimal,2,,,,
105173 j4i02306,LENGTH,INTERCONNECT CABLE,105173,No,mm,2 - Decimal,2,,,,
105272 j4i02112,DIAMETER,LOUDSPEAKERS,105272,No,mm,2 - Decimal,2,,,,
105274 j4i02112,DIAMETER,LOUDSPEAKER COVER,105274,No,mm,2 - Decimal,2,,,,
105287 j4i02265,HEIGHT,ANTENNAS,105287,No,mm,2 - Decimal,2,,,,
105289 j4i03218,SCREEN DIAGONAL,SCREENS,105289,No,mm,2 - Decimal,2,,,,
105293 j4i02265,HEIGHT,PASSENGER INFORMATION SCREENS,105293,No,mm,2 - Decimal,2,,,,
105293 j4i02295,WIDTH,PASSENGER INFORMATION SCREENS,105293,No,mm,2 - Decimal,2,,,,
105305 j4i02265,HEIGHT,BOARD RACKS,105305,No,mm,2 - Decimal,2,,,,
105305 j4i02296,WIDTH / NUMBER OF STEPS,BOARD RACKS,105305,No,mm,2 - Decimal,2,,,,
105305 j4i02921,DEPTH,BOARD RACKS,105305,No,mm,2 - Decimal,2,,,,
105307 j4i02265,HEIGHT,REMOVABLE SLIDE-IN UNITS,105307,No,mm,2 - Decimal,2,,,,
105307 j4i02296,WIDTH / NUMBER OF STEPS,REMOVABLE SLIDE-IN UNITS,105307,No,mm,2 - Decimal,2,,,,
105307 j4i02921,DEPTH,REMOVABLE SLIDE-IN UNITS,105307,No,mm,2 - Decimal,2,,,,
105308 j4i02265,HEIGHT,BOARD FRAMES,105308,No,mm,2 - Decimal,2,,,,
105308 j4i02296,WIDTH / NUMBER OF STEPS,BOARD FRAMES,105308,No,mm,2 - Decimal,2,,,,
105308 j4i02921,DEPTH,BOARD FRAMES,105308,No,mm,2 - Decimal,2,,,,
105321 j4i02203,THICKNESS,BOARD RELAY SPACERS,105321,No,mm,2 - Decimal,2,,,,
105322 j4i02113,DIAMETER/DIMENSION ACROSS FLATS,PRINTED CIRCUIT SPACERS,105322,No,mm,2 - Decimal,2,,,,
105322 j4i02129,THREADING DIAMETER,PRINTED CIRCUIT SPACERS,105322,No,mm,2 - Decimal,2,,,,
105322 j4i02153,DRILLING DIAMETER,PRINTED CIRCUIT SPACERS,105322,No,mm,2 - Decimal,2,,,,
105322 j4i02306,LENGTH,PRINTED CIRCUIT SPACERS,105322,No,mm,2 - Decimal,2,,,,
105324 j4i02153,DRILLING DIAMETER,INSULATING BEADS,105324,No,mm,2 - Decimal,2,,,,
105324 j4i02166,EXTERNAL DIAMETER,INSULATING BEADS,105324,No,mm,2 - Decimal,2,,,,
105324 j4i02265,HEIGHT,INSULATING BEADS,105324,No,mm,2 - Decimal,2,,,,
105325 j4i02145,MOUNTING DIAMETER,INSULATING BUSHES,105325,No,mm,2 - Decimal,2,,,,
105325 j4i02166,EXTERNAL DIAMETER,INSULATING BUSHES,105325,No,mm,2 - Decimal,2,,,,
105325 j4i02177,INTERNAL DIAMETER,INSULATING BUSHES,105325,No,mm,2 - Decimal,2,,,,
105325 j4i02265,HEIGHT,INSULATING BUSHES,105325,No,mm,2 - Decimal,2,,,,
105346 j4i08476,COPPER THICKNESS / DICKE VON KUPFER,BUSBAR,105346,No,mm,2 - Decimal,2,,,,
105356 j4i02879,PITCH,TERMINAL BLOCKS,105356,No,mm,2 - Decimal,2,,,,
105357 j4i02166,EXTERNAL DIAMETER,PRINTED CIRCUIT BOARD EYELETS,105357,No,mm,2 - Decimal,2,,,,
105357 j4i02177,INTERNAL DIAMETER,PRINTED CIRCUIT BOARD EYELETS,105357,No,mm,2 - Decimal,2,,,,
105357 j4i02306,LENGTH,PRINTED CIRCUIT BOARD EYELETS,105357,No,mm,2 - Decimal,2,,,,
105358 j4i02112,DIAMETER,JUMPERS,105358,No,mm,2 - Decimal,2,,,,
105358 j4i02879,PITCH,JUMPERS,105358,No,mm,2 - Decimal,2,,,,
105359 j4i02879,PITCH,PRINTED CIRCUIT CONNECTION STRIPS,105359,No,mm,2 - Decimal,2,,,,
105360 j4i02153,DRILLING DIAMETER,MOUNTING LUGS/PINS,105360,No,mm,2 - Decimal,2,,,,
105404 j4i02270,LETTER HEIGHT,DISPLAY INDICATORS,105404,No,mm,2 - Decimal,2,,,,
105413 j4i02186,DIAMETER OVER INSULATOR,OPTICS FIBRES,105413,No,mm,2 - Decimal,2,,,,
105433 j4i03325,TRAVEL,ELECTRO-MAGNETS,105433,No,mm,2 - Decimal,2,,,,
108253 j4i02154,STUFFING BOX DIAMETER,CYLINDRICAL CONNECTORS FOR PRINTED CIRCUIT BOARD,108253,No,mm,2 - Decimal,2,,,,
108254 j4i02154,STUFFING BOX DIAMETER,POWER CONNECTORS FOR PRINTED CIRCUIT BOARD,108254,No,mm,2 - Decimal,2,,,,
108299 j4i02203,THICKNESS,TERMINAL BLOCK FLANGES SIGNALLING,108299,No,mm,2 - Decimal,2,,,,
108299 j4i02265,HEIGHT,TERMINAL BLOCK FLANGES SIGNALLING,108299,No,mm,2 - Decimal,2,,,,
108402 j4i02203,THICKNESS,TERMINAL BLOCK SEPARATORS SIGNALLING,108402,No,mm,2 - Decimal,2,,,,
108402 j4i02265,HEIGHT,TERMINAL BLOCK SEPARATORS SIGNALLING,108402,No,mm,2 - Decimal,2,,,,
108405 j4i02879,PITCH,TERMINAL BLOCKS SIGNALLING,108405,No,mm,2 - Decimal,2,,,,
108424 j4i02112,DIAMETER,CONTACT PLUGS FOR CONNECTORS SIGNALLING,108424,No,mm,2 - Decimal,2,,,,
108424 j4i02306,LENGTH,CONTACT PLUGS FOR CONNECTORS SIGNALLING,108424,No,mm,2 - Decimal,2,,,,
109233 j4i08965,MINIMUM DIAMETER OF THE INSULATION,SPECIFIC CABLES,109233,No,mm,2 - Decimal,2,,,,
109233 j4i08966,FIBER DIAMETER,SPECIFIC CABLES,109233,No,mm,2 - Decimal,2,,,,
109235 j4i02203,THICKNESS,WIRE IDENTIFICATION MARKER,109235,No,mm,2 - Decimal,2,,,,
109235 j4i02306,LENGTH,WIRE IDENTIFICATION MARKER,109235,No,mm,2 - Decimal,2,,,,
109235 j4i03394,DIAMETER AFTER SHRINKING,WIRE IDENTIFICATION MARKER,109235,No,mm,2 - Decimal,2,,,,
109235 j4i03395,DIAMETER BEFORE SHRINKING,WIRE IDENTIFICATION MARKER,109235,No,mm,2 - Decimal,2,,,,
109237 j4i02166,EXTERNAL DIAMETER,SHEATHS,109237,No,mm,2 - Decimal,2,,,,
109237 j4i02177,INTERNAL DIAMETER,SHEATHS,109237,No,mm,2 - Decimal,2,,,,
109237 j4i08871,STATIC BENDING RADIUS,SHEATHS,109237,No,mm,2 - Decimal,2,,,,
109237 j4i08872,DYNAMIC BENDING RADIUS,SHEATHS,109237,No,mm,2 - Decimal,2,,,,
109238 j4i02203,THICKNESS,HEAT SHRINKABLE SHEATHS,109238,No,mm,2 - Decimal,2,,,,
109238 j4i08873,INTERNAL DIAMETER BEFORE SHRINKING,HEAT SHRINKABLE SHEATHS,109238,No,mm,2 - Decimal,2,,,,
109238 j4i08874,INTERNAL DIAMETER AFTER SHRINKING,HEAT SHRINKABLE SHEATHS,109238,No,mm,2 - Decimal,2,,,,
109239 j4i02203,THICKNESS,SOLDER SLEEVES,109239,No,mm,2 - Decimal,2,,,,
109239 j4i02306,LENGTH,SOLDER SLEEVES,109239,No,mm,2 - Decimal,2,,,,
109239 j4i03821,DIAMETER 1 BEFORE SHRINKING,SOLDER SLEEVES,109239,No,mm,2 - Decimal,2,,,,
109239 j4i03822,DIAMETER 2 BEFORE SHRINKING,SOLDER SLEEVES,109239,No,mm,2 - Decimal,2,,,,
109239 j4i03823,DIAMETER 1 AFTER SHRINKING,SOLDER SLEEVES,109239,No,mm,2 - Decimal,2,,,,
109239 j4i03824,DIAMETER 2 AFTER SHRINKING,SOLDER SLEEVES,109239,No,mm,2 - Decimal,2,,,,
109240 j4i02203,THICKNESS,SHEATH ACCESSORIES,109240,No,mm,2 - Decimal,2,,,,
109240 j4i02265,HEIGHT,SHEATH ACCESSORIES,109240,No,mm,2 - Decimal,2,,,,
109240 j4i02295,WIDTH,SHEATH ACCESSORIES,109240,No,mm,2 - Decimal,2,,,,
109240 j4i02323,THREAD LENGTH,SHEATH ACCESSORIES,109240,No,mm,2 - Decimal,2,,,,
109240 j4i03649,MINIMUM CABLE DIAMETER,SHEATH ACCESSORIES,109240,No,mm,2 - Decimal,2,,,,
109240 j4i03650,MAXIMUM CABLE DIAMETER,SHEATH ACCESSORIES,109240,No,mm,2 - Decimal,2,,,,
109240 j4i08867,SHEATH DIAMETER - ENTRY,SHEATH ACCESSORIES,109240,No,mm,2 - Decimal,2,,,,
109240 j4i08868,SHEATH DIAMETER - EXIT,SHEATH ACCESSORIES,109240,No,mm,2 - Decimal,2,,,,
109242 j4i02209,MAXIMUM PANEL THICKNESS,CABLE TIES,109242,No,mm,2 - Decimal,2,,,,
109242 j4i02295,WIDTH,CABLE TIES,109242,No,mm,2 - Decimal,2,,,,
109242 j4i02306,LENGTH,CABLE TIES,109242,No,mm,2 - Decimal,2,,,,
109242 j4i03675,MINIMUM PANEL THICKNESS,CABLE TIES,109242,No,mm,2 - Decimal,2,,,,
109242 j4i03676,MINIMUM CLAMP DIAMETER,CABLE TIES,109242,No,mm,2 - Decimal,2,,,,
109242 j4i03677,MAXIMUM CLAMP DIAMETER,CABLE TIES,109242,No,mm,2 - Decimal,2,,,,
109242 j4i08986,MAXIMUM WIDTH OF THE COLLAR,CABLE TIES,109242,No,mm,2 - Decimal,2,,,,
109244 j4i02323,THREAD LENGTH,CABLE GLAND,109244,No,mm,2 - Decimal,2,,,,
109244 j4i03649,MINIMUM CABLE DIAMETER,CABLE GLAND,109244,No,mm,2 - Decimal,2,,,,
109244 j4i03650,MAXIMUM CABLE DIAMETER,CABLE GLAND,109244,No,mm,2 - Decimal,2,,,,
109244 j4i08865,LUG PASSAGE,CABLE GLAND,109244,No,mm,2 - Decimal,2,,,,
109245 j4i02177,INTERNAL DIAMETER,CABLE GLAND PARTS OR ACCESSORIES,109245,No,mm,2 - Decimal,2,,,,
109245 j4i02203,THICKNESS,CABLE GLAND PARTS OR ACCESSORIES,109245,No,mm,2 - Decimal,2,,,,
109246 j4i02265,HEIGHT,EQUIPMENT FOR BULKHEAD,109246,No,mm,2 - Decimal,2,,,,
109246 j4i02295,WIDTH,EQUIPMENT FOR BULKHEAD,109246,No,mm,2 - Decimal,2,,,,
109246 j4i02921,DEPTH,EQUIPMENT FOR BULKHEAD,109246,No,mm,2 - Decimal,2,,,,
109246 j4i03649,MINIMUM CABLE DIAMETER,EQUIPMENT FOR BULKHEAD,109246,No,mm,2 - Decimal,2,,,,
109246 j4i03650,MAXIMUM CABLE DIAMETER,EQUIPMENT FOR BULKHEAD,109246,No,mm,2 - Decimal,2,,,,
109247 j4i02145,MOUNTING DIAMETER,WIRING DUCTS AND WIREWAYS,109247,No,mm,2 - Decimal,2,,,,
109247 j4i02148,PASSAGE DIAMETER,WIRING DUCTS AND WIREWAYS,109247,No,mm,2 - Decimal,2,,,,
109247 j4i02209,MAXIMUM PANEL THICKNESS,WIRING DUCTS AND WIREWAYS,109247,No,mm,2 - Decimal,2,,,,
109247 j4i02265,HEIGHT,WIRING DUCTS AND WIREWAYS,109247,No,mm,2 - Decimal,2,,,,
109247 j4i02295,WIDTH,WIRING DUCTS AND WIREWAYS,109247,No,mm,2 - Decimal,2,,,,
109247 j4i02306,LENGTH,WIRING DUCTS AND WIREWAYS,109247,No,mm,2 - Decimal,2,,,,
109249 j4i02203,THICKNESS,CABLE TRAYS,109249,No,mm,2 - Decimal,2,,,,
109249 j4i02295,WIDTH,CABLE TRAYS,109249,No,mm,2 - Decimal,2,,,,
109249 j4i03331,PERFORATION DIAMETER,CABLE TRAYS,109249,No,mm,2 - Decimal,2,,,,
109249 j4i03343,PERFORATION WIDTH,CABLE TRAYS,109249,No,mm,2 - Decimal,2,,,,
109249 j4i03346,PERFORATION LENGTH,CABLE TRAYS,109249,No,mm,2 - Decimal,2,,,,
109249 j4i09153,BACK HEIGHT,CABLE TRAYS,109249,No,mm,2 - Decimal,2,,,,
109249 j4i09155,WIDTH BACK,CABLE TRAYS,109249,No,mm,2 - Decimal,2,,,,
109250 j4i02203,THICKNESS,WIRING BRIDGE CLAMPS,109250,No,mm,2 - Decimal,2,,,,
109250 j4i02295,WIDTH,WIRING BRIDGE CLAMPS,109250,No,mm,2 - Decimal,2,,,,
109250 j4i02306,LENGTH,WIRING BRIDGE CLAMPS,109250,No,mm,2 - Decimal,2,,,,
109250 j4i09112,STRAND / CABLE DIAMETER,WIRING BRIDGE CLAMPS,109250,No,mm,2 - Decimal,2,,,,
109252 j4i02265,HEIGHT,"ELECTRICAL BOXES, ENCLOSURES AND ACCESSORIES",109252,No,mm,2 - Decimal,2,,,,
109252 j4i02295,WIDTH,"ELECTRICAL BOXES, ENCLOSURES AND ACCESSORIES",109252,No,mm,2 - Decimal,2,,,,
109252 j4i02921,DEPTH,"ELECTRICAL BOXES, ENCLOSURES AND ACCESSORIES",109252,No,mm,2 - Decimal,2,,,,
109256 j4i02153,DRILLING DIAMETER,SWITCHING HEADS,109256,No,mm,2 - Decimal,2,,,,
109256 j4i08902,DIAMETER - ACTIVE PART,SWITCHING HEADS,109256,No,mm,2 - Decimal,2,,,,
109257 j4i02112,DIAMETER,SWITCH ACCESSORIES,109257,No,mm,2 - Decimal,2,,,,
109257 j4i02295,WIDTH,SWITCH ACCESSORIES,109257,No,mm,2 - Decimal,2,,,,
109257 j4i02306,LENGTH,SWITCH ACCESSORIES,109257,No,mm,2 - Decimal,2,,,,
109266 j4i02265,HEIGHT,POWER CONDITIONING EQUIPMENT,109266,No,mm,2 - Decimal,2,,,,
109266 j4i02295,WIDTH,POWER CONDITIONING EQUIPMENT,109266,No,mm,2 - Decimal,2,,,,
109266 j4i02306,LENGTH,POWER CONDITIONING EQUIPMENT,109266,No,mm,2 - Decimal,2,,,,
109269 j4i02153,DRILLING DIAMETER,GROUNDING DEVICES,109269,No,mm,2 - Decimal,2,,,,
109269 j4i02203,THICKNESS,GROUNDING DEVICES,109269,No,mm,2 - Decimal,2,,,,
109269 j4i02265,HEIGHT,GROUNDING DEVICES,109269,No,mm,2 - Decimal,2,,,,
109269 j4i02306,LENGTH,GROUNDING DEVICES,109269,No,mm,2 - Decimal,2,,,,
109269 j4i08894,MINIMUM WALL THICKNESS,GROUNDING DEVICES,109269,No,mm,2 - Decimal,2,,,,
109269 j4i08895,MAXIMUM WALL THICKNESS,GROUNDING DEVICES,109269,No,mm,2 - Decimal,2,,,,
109272 j4i02122,PINNING DIAMETER,"LUGS, CLIPS, END-PIECES AND STRIPS",109272,No,mm,2 - Decimal,2,,,,
109272 j4i02300,PALM WIDTH,"LUGS, CLIPS, END-PIECES AND STRIPS",109272,No,mm,2 - Decimal,2,,,,
109272 j4i08916,MAXIMUM PERMISSIBLE CABLE DIAMETER,"LUGS, CLIPS, END-PIECES AND STRIPS",109272,No,mm,2 - Decimal,2,,,,
109274 j4i02112,DIAMETER,CONTACTS FOR CONNECTORS,109274,No,mm,2 - Decimal,2,,,,
109275 j4i03649,MINIMUM CABLE DIAMETER,CONNECTOR ACCESSORIES,109275,No,mm,2 - Decimal,2,,,,
109275 j4i03650,MAXIMUM CABLE DIAMETER,CONNECTOR ACCESSORIES,109275,No,mm,2 - Decimal,2,,,,
109276 j4i02879,PITCH,ELECTRICAL TERMINAL BLOCKS,109276,No,mm,2 - Decimal,2,,,,
109276 j4i08971,MINIMUM CONNECTION CAPACITY - WITHOUT END-PIECE,ELECTRICAL TERMINAL BLOCKS,109276,No,mm,2 - Decimal,2,,,,
109276 j4i08972,MAXIMUM CONNECTION CAPACITY - WITHOUT END-PIECE,ELECTRICAL TERMINAL BLOCKS,109276,No,mm,2 - Decimal,2,,,,
109276 j4i08973,MINIMUM CONNECTION CAPACITY - WITH END-PIECE,ELECTRICAL TERMINAL BLOCKS,109276,No,mm,2 - Decimal,2,,,,
109276 j4i08974,MAXIMUM CONNECTION CAPACITY - WITH END-PIECE,ELECTRICAL TERMINAL BLOCKS,109276,No,mm,2 - Decimal,2,,,,
109277 j4i02203,THICKNESS,TERMINAL BLOCK ACCESSORIES,109277,No,mm,2 - Decimal,2,,,,
109277 j4i02265,HEIGHT,TERMINAL BLOCK ACCESSORIES,109277,No,mm,2 - Decimal,2,,,,
109277 j4i02306,LENGTH,TERMINAL BLOCK ACCESSORIES,109277,No,mm,2 - Decimal,2,,,,
109279 j4i02265,HEIGHT,ELECTRICAL INSULATORS,109279,No,mm,2 - Decimal,2,,,,
109280 j4i02295,WIDTH,ELECTRICAL PLUGS AND ACCESSORIES,109280,No,mm,2 - Decimal,2,,,,
109280 j4i02306,LENGTH,ELECTRICAL PLUGS AND ACCESSORIES,109280,No,mm,2 - Decimal,2,,,,
109282 j4i02112,DIAMETER,LAMPS AND LIGHTBULBS AND LAMP COMPONENTS,109282,No,mm,2 - Decimal,2,,,,
109282 j4i02295,WIDTH,LAMPS AND LIGHTBULBS AND LAMP COMPONENTS,109282,No,mm,2 - Decimal,2,,,,
109282 j4i02306,LENGTH,LAMPS AND LIGHTBULBS AND LAMP COMPONENTS,109282,No,mm,2 - Decimal,2,,,,
109284 j4i02112,DIAMETER,EXTERIOR VEHICLE LIGHTING,109284,No,mm,2 - Decimal,2,,,,
109287 j4i02265,HEIGHT,BATTERIES AND ACCESSORIES,109287,No,mm,2 - Decimal,2,,,,
109287 j4i02306,LENGTH,BATTERIES AND ACCESSORIES,109287,No,mm,2 - Decimal,2,,,,
109290 j4i02295,WIDTH,DOMESTIC APPLIANCES,109290,No,mm,2 - Decimal,2,,,,
109290 j4i02306,LENGTH,DOMESTIC APPLIANCES,109290,No,mm,2 - Decimal,2,,,,
109290 j4i02921,DEPTH,DOMESTIC APPLIANCES,109290,No,mm,2 - Decimal,2,,,,
109292 j4i02265,HEIGHT,ELECTRICAL INDICATING AND RECORDING INSTRUMENTS,109292,No,mm,2 - Decimal,2,,,,
109292 j4i02295,WIDTH,ELECTRICAL INDICATING AND RECORDING INSTRUMENTS,109292,No,mm,2 - Decimal,2,,,,
109292 j4i02306,LENGTH,ELECTRICAL INDICATING AND RECORDING INSTRUMENTS,109292,No,mm,2 - Decimal,2,,,,
109292 j4i09013,MEASURING RANGE: MINIMUM VALUE,ELECTRICAL INDICATING AND RECORDING INSTRUMENTS,109292,No,mm,2 - Decimal,2,,,,
109292 j4i09026,MEASURING RANGE: MAXIMUM VALUE,ELECTRICAL INDICATING AND RECORDING INSTRUMENTS,109292,No,mm,2 - Decimal,2,,,,
109293 j4i02112,DIAMETER,TEMPERATURE AND HEAT MEASURING INSTRUMENTS,109293,No,mm,2 - Decimal,2,,,,
109293 j4i02203,THICKNESS,TEMPERATURE AND HEAT MEASURING INSTRUMENTS,109293,No,mm,2 - Decimal,2,,,,
109293 j4i02295,WIDTH,TEMPERATURE AND HEAT MEASURING INSTRUMENTS,109293,No,mm,2 - Decimal,2,,,,
109293 j4i02306,LENGTH,TEMPERATURE AND HEAT MEASURING INSTRUMENTS,109293,No,mm,2 - Decimal,2,,,,
109299 j4i02265,HEIGHT,FIRE PREVENTION,109299,No,mm,2 - Decimal,2,,,,
109299 j4i02295,WIDTH,FIRE PREVENTION,109299,No,mm,2 - Decimal,2,,,,
109299 j4i02306,LENGTH,FIRE PREVENTION,109299,No,mm,2 - Decimal,2,,,,
109299 j4i09023,MAXIMUM DIAMETER,FIRE PREVENTION,109299,No,mm,2 - Decimal,2,,,,
109300 j4i02112,DIAMETER,FIRE FIGHTING EQUIPMENT,109300,No,mm,2 - Decimal,2,,,,
109300 j4i02265,HEIGHT,FIRE FIGHTING EQUIPMENT,109300,No,mm,2 - Decimal,2,,,,
109303 j4i02112,DIAMETER,"VENTILATION, PARTS AND ACCESSORIES",109303,No,mm,2 - Decimal,2,,,,
109303 j4i02295,WIDTH,"VENTILATION, PARTS AND ACCESSORIES",109303,No,mm,2 - Decimal,2,,,,
109303 j4i02306,LENGTH,"VENTILATION, PARTS AND ACCESSORIES",109303,No,mm,2 - Decimal,2,,,,
109304 j4i02203,THICKNESS,"COOLING EQUIPMENT, PARTS AND ACCESSORIES",109304,No,mm,2 - Decimal,2,,,,
109304 j4i02295,WIDTH,"COOLING EQUIPMENT, PARTS AND ACCESSORIES",109304,No,mm,2 - Decimal,2,,,,
109304 j4i02306,LENGTH,"COOLING EQUIPMENT, PARTS AND ACCESSORIES",109304,No,mm,2 - Decimal,2,,,,
109305 j4i02203,THICKNESS,"HEATING EQUIPMENT, PARTS AND ACCESSORIES",109305,No,mm,2 - Decimal,2,,,,
109305 j4i02295,WIDTH,"HEATING EQUIPMENT, PARTS AND ACCESSORIES",109305,No,mm,2 - Decimal,2,,,,
109305 j4i02306,LENGTH,"HEATING EQUIPMENT, PARTS AND ACCESSORIES",109305,No,mm,2 - Decimal,2,,,,
109306 j4i02112,DIAMETER,"AIR CIRCULATION, PARTS AND ACCESSORIES",109306,No,mm,2 - Decimal,2,,,,
109306 j4i02203,THICKNESS,"AIR CIRCULATION, PARTS AND ACCESSORIES",109306,No,mm,2 - Decimal,2,,,,
109306 j4i02295,WIDTH,"AIR CIRCULATION, PARTS AND ACCESSORIES",109306,No,mm,2 - Decimal,2,,,,
109306 j4i02306,LENGTH,"AIR CIRCULATION, PARTS AND ACCESSORIES",109306,No,mm,2 - Decimal,2,,,,
109309 j4i02306,LENGTH,WINDSHIELD WIPERS,109309,No,mm,2 - Decimal,2,,,,
109312 j4i02119,SHAFT DIAMETER,TRAIN WHEELS,109312,No,mm,2 - Decimal,2,,,,
109312 j4i02166,EXTERNAL DIAMETER,TRAIN WHEELS,109312,No,mm,2 - Decimal,2,,,,
109312 j4i02295,WIDTH,TRAIN WHEELS,109312,No,mm,2 - Decimal,2,,,,
109313 j4i02119,SHAFT DIAMETER,MECHANICAL TRANSMISSION SYSTEMS,109313,No,mm,2 - Decimal,2,,,,
109313 j4i02166,EXTERNAL DIAMETER,MECHANICAL TRANSMISSION SYSTEMS,109313,No,mm,2 - Decimal,2,,,,
109313 j4i02185,PRIMITIVE DIAMETER,MECHANICAL TRANSMISSION SYSTEMS,109313,No,mm,2 - Decimal,2,,,,
109313 j4i02295,WIDTH,MECHANICAL TRANSMISSION SYSTEMS,109313,No,mm,2 - Decimal,2,,,,
109313 j4i02306,LENGTH,MECHANICAL TRANSMISSION SYSTEMS,109313,No,mm,2 - Decimal,2,,,,
109314 j4i02129,THREADING DIAMETER,MECHANICAL CONNECTIONS,109314,No,mm,2 - Decimal,2,,,,
109314 j4i02137,EYE DIAMETER,MECHANICAL CONNECTIONS,109314,No,mm,2 - Decimal,2,,,,
109314 j4i02166,EXTERNAL DIAMETER,MECHANICAL CONNECTIONS,109314,No,mm,2 - Decimal,2,,,,
109314 j4i02177,INTERNAL DIAMETER,MECHANICAL CONNECTIONS,109314,No,mm,2 - Decimal,2,,,,
109314 j4i02203,THICKNESS,MECHANICAL CONNECTIONS,109314,No,mm,2 - Decimal,2,,,,
109314 j4i02206,PIN THICKNESS,MECHANICAL CONNECTIONS,109314,No,mm,2 - Decimal,2,,,,
109314 j4i02219,AXIAL DEFLECTION,MECHANICAL CONNECTIONS,109314,No,mm,2 - Decimal,2,,,,
109314 j4i02222,RADIAL DEFLECTION,MECHANICAL CONNECTIONS,109314,No,mm,2 - Decimal,2,,,,
109314 j4i02271,HEAD HEIGHT,MECHANICAL CONNECTIONS,109314,No,mm,2 - Decimal,2,,,,
109314 j4i02302,HEAD WIDTH,MECHANICAL CONNECTIONS,109314,No,mm,2 - Decimal,2,,,,
109314 j4i02320,INNER TUBE LENGTH,MECHANICAL CONNECTIONS,109314,No,mm,2 - Decimal,2,,,,
109314 j4i02323,THREAD LENGTH,MECHANICAL CONNECTIONS,109314,No,mm,2 - Decimal,2,,,,
109314 j4i03204,KNUCKLE JOINT DIAMETER,MECHANICAL CONNECTIONS,109314,No,mm,2 - Decimal,2,,,,
109314 j4i03643,EXTERNAL TUBE LENGTH,MECHANICAL CONNECTIONS,109314,No,mm,2 - Decimal,2,,,,
109317 j4i02169,OUTER DIAMETER OF TUBE 1,SMALL EQUIPMENT FOR INDOOR,109317,No,mm,2 - Decimal,2,,,,
109317 j4i02170,OUTER DIAMETER OF TUBE 2,SMALL EQUIPMENT FOR INDOOR,109317,No,mm,2 - Decimal,2,,,,
109317 j4i02265,HEIGHT,SMALL EQUIPMENT FOR INDOOR,109317,No,mm,2 - Decimal,2,,,,
109317 j4i02295,WIDTH,SMALL EQUIPMENT FOR INDOOR,109317,No,mm,2 - Decimal,2,,,,
109317 j4i02306,LENGTH,SMALL EQUIPMENT FOR INDOOR,109317,No,mm,2 - Decimal,2,,,,
109320 j4i02265,HEIGHT,HOLDING AND POSITIONING AND JIG TOOLS,109320,No,mm,2 - Decimal,2,,,,
109320 j4i02295,WIDTH,HOLDING AND POSITIONING AND JIG TOOLS,109320,No,mm,2 - Decimal,2,,,,
109320 j4i02306,LENGTH,HOLDING AND POSITIONING AND JIG TOOLS,109320,No,mm,2 - Decimal,2,,,,
109321 j4i02081,DIMENSION ACROSS FLATS,HAND TOOLS,109321,No,mm,2 - Decimal,2,,,,
109321 j4i02129,THREADING DIAMETER,HAND TOOLS,109321,No,mm,2 - Decimal,2,,,,
109321 j4i02265,HEIGHT,HAND TOOLS,109321,No,mm,2 - Decimal,2,,,,
109321 j4i03645,MIN LENGTH,HAND TOOLS,109321,No,mm,2 - Decimal,2,,,,
109321 j4i03646,MAX LENGTH,HAND TOOLS,109321,No,mm,2 - Decimal,2,,,,
109322 j4i02265,HEIGHT,LADDERS AND SCAFFOLDINGS,109322,No,mm,2 - Decimal,2,,,,
109322 j4i02295,WIDTH,LADDERS AND SCAFFOLDINGS,109322,No,mm,2 - Decimal,2,,,,
109322 j4i02306,LENGTH,LADDERS AND SCAFFOLDINGS,109322,No,mm,2 - Decimal,2,,,,
109322 j4i08198,MAX PLATFORM HEIGHT,LADDERS AND SCAFFOLDINGS,109322,No,mm,2 - Decimal,2,,,,
109323 j4i02081,DIMENSION ACROSS FLATS,LUBRICATORS AND OTHER ACCESSORIES FOR MACHINERY,109323,No,mm,2 - Decimal,2,,,,
109323 j4i02112,DIAMETER,LUBRICATORS AND OTHER ACCESSORIES FOR MACHINERY,109323,No,mm,2 - Decimal,2,,,,
109323 j4i02265,HEIGHT,LUBRICATORS AND OTHER ACCESSORIES FOR MACHINERY,109323,No,mm,2 - Decimal,2,,,,
109323 j4i02306,LENGTH,LUBRICATORS AND OTHER ACCESSORIES FOR MACHINERY,109323,No,mm,2 - Decimal,2,,,,
109323 j4i09168,METRIC THREADING DIAMETER 1,LUBRICATORS AND OTHER ACCESSORIES FOR MACHINERY,109323,No,mm,2 - Decimal,2,,,,
109323 j4i09224,METRIC THREADING DIAMETER 2,LUBRICATORS AND OTHER ACCESSORIES FOR MACHINERY,109323,No,mm,2 - Decimal,2,,,,
109325 j4i02265,HEIGHT,HANDLING CARRIAGES,109325,No,mm,2 - Decimal,2,,,,
109325 j4i02295,WIDTH,HANDLING CARRIAGES,109325,No,mm,2 - Decimal,2,,,,
109325 j4i02306,LENGTH,HANDLING CARRIAGES,109325,No,mm,2 - Decimal,2,,,,
109326 j4i02180,MAXIMUM DIAMETER,STACKERS AND LIFTING EQUIPMENT,109326,No,mm,2 - Decimal,2,,,,
109326 j4i02265,HEIGHT,STACKERS AND LIFTING EQUIPMENT,109326,No,mm,2 - Decimal,2,,,,
109326 j4i02295,WIDTH,STACKERS AND LIFTING EQUIPMENT,109326,No,mm,2 - Decimal,2,,,,
109326 j4i02306,LENGTH,STACKERS AND LIFTING EQUIPMENT,109326,No,mm,2 - Decimal,2,,,,
109327 j4i02129,THREADING DIAMETER,"SLINGS, STRAPS AND LIFTING RINGS",109327,No,mm,2 - Decimal,2,,,,
109327 j4i02163,LOOP DIAMETER,"SLINGS, STRAPS AND LIFTING RINGS",109327,No,mm,2 - Decimal,2,,,,
109327 j4i02183,NOMINAL DIAMETER,"SLINGS, STRAPS AND LIFTING RINGS",109327,No,mm,2 - Decimal,2,,,,
109327 j4i02203,THICKNESS,"SLINGS, STRAPS AND LIFTING RINGS",109327,No,mm,2 - Decimal,2,,,,
109327 j4i02295,WIDTH,"SLINGS, STRAPS AND LIFTING RINGS",109327,No,mm,2 - Decimal,2,,,,
109327 j4i02306,LENGTH,"SLINGS, STRAPS AND LIFTING RINGS",109327,No,mm,2 - Decimal,2,,,,
109327 j4i02323,THREAD LENGTH,"SLINGS, STRAPS AND LIFTING RINGS",109327,No,mm,2 - Decimal,2,,,,
109329 j4i02112,DIAMETER,WELDING AND BRAZING TOOLS AND ACCESSORIES,109329,No,mm,2 - Decimal,2,,,,
109329 j4i02203,THICKNESS,WELDING AND BRAZING TOOLS AND ACCESSORIES,109329,No,mm,2 - Decimal,2,,,,
109329 j4i02295,WIDTH,WELDING AND BRAZING TOOLS AND ACCESSORIES,109329,No,mm,2 - Decimal,2,,,,
109329 j4i02306,LENGTH,WELDING AND BRAZING TOOLS AND ACCESSORIES,109329,No,mm,2 - Decimal,2,,,,
109341 j4i02112,DIAMETER,TANKS AND ACCESSORIES,109341,No,mm,2 - Decimal,2,,,,
109341 j4i02180,MAXIMUM DIAMETER,TANKS AND ACCESSORIES,109341,No,mm,2 - Decimal,2,,,,
109341 j4i02265,HEIGHT,TANKS AND ACCESSORIES,109341,No,mm,2 - Decimal,2,,,,
109341 j4i02295,WIDTH,TANKS AND ACCESSORIES,109341,No,mm,2 - Decimal,2,,,,
109341 j4i02306,LENGTH,TANKS AND ACCESSORIES,109341,No,mm,2 - Decimal,2,,,,
109341 j4i03402,MINIMUM DIAMETER,TANKS AND ACCESSORIES,109341,No,mm,2 - Decimal,2,,,,
109341 j4i03694,EXIT DIAMETER 1,TANKS AND ACCESSORIES,109341,No,mm,2 - Decimal,2,,,,
109341 j4i03695,EXIT DIAMETER 2,TANKS AND ACCESSORIES,109341,No,mm,2 - Decimal,2,,,,
109341 j4i03696,EXIT DIAMETER 3,TANKS AND ACCESSORIES,109341,No,mm,2 - Decimal,2,,,,
109341 j4i09168,METRIC THREADING DIAMETER 1,TANKS AND ACCESSORIES,109341,No,mm,2 - Decimal,2,,,,
109341 j4i09224,METRIC THREADING DIAMETER 2,TANKS AND ACCESSORIES,109341,No,mm,2 - Decimal,2,,,,
109341 j4i09225,METRIC THREADING DIAMETER 3,TANKS AND ACCESSORIES,109341,No,mm,2 - Decimal,2,,,,
109343 j4i02203,THICKNESS,CLAMPS,109343,No,mm,2 - Decimal,2,,,,
109343 j4i02295,WIDTH,CLAMPS,109343,No,mm,2 - Decimal,2,,,,
109343 j4i02306,LENGTH,CLAMPS,109343,No,mm,2 - Decimal,2,,,,
109343 j4i03633,CENTER DISTANCE FASTENING,CLAMPS,109343,No,mm,2 - Decimal,2,,,,
109343 j4i09089,NOMINAL DIAMETER 1,CLAMPS,109343,No,mm,2 - Decimal,2,,,,
109343 j4i09090,NOMINAL DIAMETER 2,CLAMPS,109343,No,mm,2 - Decimal,2,,,,
109343 j4i09091,NOMINAL DIAMETER 3,CLAMPS,109343,No,mm,2 - Decimal,2,,,,
109343 j4i09095,CENTER DISTANCE TUBES,CLAMPS,109343,No,mm,2 - Decimal,2,,,,
109344 j4i02166,EXTERNAL DIAMETER,CAPS,109344,No,mm,2 - Decimal,2,,,,
109344 j4i02306,LENGTH,CAPS,109344,No,mm,2 - Decimal,2,,,,
109344 j4i03203,ENGAGEMENT DIAMETER,CAPS,109344,No,mm,2 - Decimal,2,,,,
109344 j4i03298,ENGAGEMENT LENGHT,CAPS,109344,No,mm,2 - Decimal,2,,,,
109344 j4i03342,ENGAGEMENT WIDTH,CAPS,109344,No,mm,2 - Decimal,2,,,,
109344 j4i03632,OVERALL LENGTH BELOW HEAD,CAPS,109344,No,mm,2 - Decimal,2,,,,
109344 j4i09168,METRIC THREADING DIAMETER 1,CAPS,109344,No,mm,2 - Decimal,2,,,,
109344 j4i09170,INTERLOCKING DEPTH,CAPS,109344,No,mm,2 - Decimal,2,,,,
109344 j4i09171,CAP LENGTH,CAPS,109344,No,mm,2 - Decimal,2,,,,
109345 j4i02177,INTERNAL DIAMETER,PIPE PROTECTIONS,109345,No,mm,2 - Decimal,2,,,,
109345 j4i02203,THICKNESS,PIPE PROTECTIONS,109345,No,mm,2 - Decimal,2,,,,
109345 j4i02295,WIDTH,PIPE PROTECTIONS,109345,No,mm,2 - Decimal,2,,,,
109345 j4i02306,LENGTH,PIPE PROTECTIONS,109345,No,mm,2 - Decimal,2,,,,
109346 j4i02166,EXTERNAL DIAMETER,CONNECTOR FITTINGS,109346,No,mm,2 - Decimal,2,,,,
109346 j4i02177,INTERNAL DIAMETER,CONNECTOR FITTINGS,109346,No,mm,2 - Decimal,2,,,,
109346 j4i02306,LENGTH,CONNECTOR FITTINGS,109346,No,mm,2 - Decimal,2,,,,
109346 j4i03694,EXIT DIAMETER 1,CONNECTOR FITTINGS,109346,No,mm,2 - Decimal,2,,,,
109346 j4i09168,METRIC THREADING DIAMETER 1,CONNECTOR FITTINGS,109346,No,mm,2 - Decimal,2,,,,
109347 j4i02209,MAXIMUM PANEL THICKNESS,FITTINGS,109347,No,mm,2 - Decimal,2,,,,
109347 j4i03694,EXIT DIAMETER 1,FITTINGS,109347,No,mm,2 - Decimal,2,,,,
109347 j4i03695,EXIT DIAMETER 2,FITTINGS,109347,No,mm,2 - Decimal,2,,,,
109347 j4i03696,EXIT DIAMETER 3,FITTINGS,109347,No,mm,2 - Decimal,2,,,,
109347 j4i03697,EXIT DIAMETER 4,FITTINGS,109347,No,mm,2 - Decimal,2,,,,
109347 j4i09168,METRIC THREADING DIAMETER 1,FITTINGS,109347,No,mm,2 - Decimal,2,,,,
109347 j4i09224,METRIC THREADING DIAMETER 2,FITTINGS,109347,No,mm,2 - Decimal,2,,,,
109347 j4i09225,METRIC THREADING DIAMETER 3,FITTINGS,109347,No,mm,2 - Decimal,2,,,,
109347 j4i09226,METRIC THREADING DIAMETER 4,FITTINGS,109347,No,mm,2 - Decimal,2,,,,
109349 j4i02166,EXTERNAL DIAMETER,SEALS FOR FITTINGS,109349,No,mm,2 - Decimal,2,,,,
109349 j4i02177,INTERNAL DIAMETER,SEALS FOR FITTINGS,109349,No,mm,2 - Decimal,2,,,,
109349 j4i02203,THICKNESS,SEALS FOR FITTINGS,109349,No,mm,2 - Decimal,2,,,,
109350 j4i03694,EXIT DIAMETER 1,SAFETY VALVES,109350,No,mm,2 - Decimal,2,,,,
109350 j4i03695,EXIT DIAMETER 2,SAFETY VALVES,109350,No,mm,2 - Decimal,2,,,,
109350 j4i09168,METRIC THREADING DIAMETER 1,SAFETY VALVES,109350,No,mm,2 - Decimal,2,,,,
109350 j4i09224,METRIC THREADING DIAMETER 2,SAFETY VALVES,109350,No,mm,2 - Decimal,2,,,,
109351 j4i09168,METRIC THREADING DIAMETER 1,SOLENOID VALVES,109351,No,mm,2 - Decimal,2,,,,
109351 j4i09224,METRIC THREADING DIAMETER 2,SOLENOID VALVES,109351,No,mm,2 - Decimal,2,,,,
109351 j4i09225,METRIC THREADING DIAMETER 3,SOLENOID VALVES,109351,No,mm,2 - Decimal,2,,,,
109351 j4i09226,METRIC THREADING DIAMETER 4,SOLENOID VALVES,109351,No,mm,2 - Decimal,2,,,,
109352 j4i03694,EXIT DIAMETER 1,GATE VALVES,109352,No,mm,2 - Decimal,2,,,,
109352 j4i03695,EXIT DIAMETER 2,GATE VALVES,109352,No,mm,2 - Decimal,2,,,,
109352 j4i03696,EXIT DIAMETER 3,GATE VALVES,109352,No,mm,2 - Decimal,2,,,,
109352 j4i03697,EXIT DIAMETER 4,GATE VALVES,109352,No,mm,2 - Decimal,2,,,,
109352 j4i09168,METRIC THREADING DIAMETER 1,GATE VALVES,109352,No,mm,2 - Decimal,2,,,,
109352 j4i09224,METRIC THREADING DIAMETER 2,GATE VALVES,109352,No,mm,2 - Decimal,2,,,,
109352 j4i09225,METRIC THREADING DIAMETER 3,GATE VALVES,109352,No,mm,2 - Decimal,2,,,,
109352 j4i09226,METRIC THREADING DIAMETER 4,GATE VALVES,109352,No,mm,2 - Decimal,2,,,,
109353 j4i09168,METRIC THREADING DIAMETER 1,FLAP VALVES,109353,No,mm,2 - Decimal,2,,,,
109353 j4i09224,METRIC THREADING DIAMETER 2,FLAP VALVES,109353,No,mm,2 - Decimal,2,,,,
109354 j4i02265,HEIGHT,GATE VALVE ACCESSORIES,109354,No,mm,2 - Decimal,2,,,,
109354 j4i02295,WIDTH,GATE VALVE ACCESSORIES,109354,No,mm,2 - Decimal,2,,,,
109354 j4i02306,LENGTH,GATE VALVE ACCESSORIES,109354,No,mm,2 - Decimal,2,,,,
109354 j4i03694,EXIT DIAMETER 1,GATE VALVE ACCESSORIES,109354,No,mm,2 - Decimal,2,,,,
109354 j4i03695,EXIT DIAMETER 2,GATE VALVE ACCESSORIES,109354,No,mm,2 - Decimal,2,,,,
109354 j4i09168,METRIC THREADING DIAMETER 1,GATE VALVE ACCESSORIES,109354,No,mm,2 - Decimal,2,,,,
109354 j4i09224,METRIC THREADING DIAMETER 2,GATE VALVE ACCESSORIES,109354,No,mm,2 - Decimal,2,,,,
109354 j4i09225,METRIC THREADING DIAMETER 3,GATE VALVE ACCESSORIES,109354,No,mm,2 - Decimal,2,,,,
109355 j4i02265,HEIGHT,DISTRIBUTORS,109355,No,mm,2 - Decimal,2,,,,
109355 j4i02295,WIDTH,DISTRIBUTORS,109355,No,mm,2 - Decimal,2,,,,
109355 j4i02306,LENGTH,DISTRIBUTORS,109355,No,mm,2 - Decimal,2,,,,
109355 j4i03694,EXIT DIAMETER 1,DISTRIBUTORS,109355,No,mm,2 - Decimal,2,,,,
109355 j4i03695,EXIT DIAMETER 2,DISTRIBUTORS,109355,No,mm,2 - Decimal,2,,,,
109355 j4i03696,EXIT DIAMETER 3,DISTRIBUTORS,109355,No,mm,2 - Decimal,2,,,,
109355 j4i03697,EXIT DIAMETER 4,DISTRIBUTORS,109355,No,mm,2 - Decimal,2,,,,
109355 j4i09168,METRIC THREADING DIAMETER 1,DISTRIBUTORS,109355,No,mm,2 - Decimal,2,,,,
109355 j4i09224,METRIC THREADING DIAMETER 2,DISTRIBUTORS,109355,No,mm,2 - Decimal,2,,,,
109355 j4i09225,METRIC THREADING DIAMETER 3,DISTRIBUTORS,109355,No,mm,2 - Decimal,2,,,,
109355 j4i09226,METRIC THREADING DIAMETER 4,DISTRIBUTORS,109355,No,mm,2 - Decimal,2,,,,
109356 j4i02166,EXTERNAL DIAMETER,PIPES AND DUCTS,109356,No,mm,2 - Decimal,2,,,,
109356 j4i02177,INTERNAL DIAMETER,PIPES AND DUCTS,109356,No,mm,2 - Decimal,2,,,,
109356 j4i02329,TOTAL LENGTH,PIPES AND DUCTS,109356,No,mm,2 - Decimal,2,,,,
109356 j4i02942,BENDING RADIUS,PIPES AND DUCTS,109356,No,mm,2 - Decimal,2,,,,
109356 j4i03694,EXIT DIAMETER 1,PIPES AND DUCTS,109356,No,mm,2 - Decimal,2,,,,
109356 j4i03695,EXIT DIAMETER 2,PIPES AND DUCTS,109356,No,mm,2 - Decimal,2,,,,
109356 j4i09179,TOLERANCE MIN,PIPES AND DUCTS,109356,No,mm,2 - Decimal,2,,,,
109356 j4i09180,TOLERANCE MAX,PIPES AND DUCTS,109356,No,mm,2 - Decimal,2,,,,
109357 j4i02112,DIAMETER,FILTERS AND ACCESSORIES,109357,No,mm,2 - Decimal,2,,,,
109357 j4i02306,LENGTH,FILTERS AND ACCESSORIES,109357,No,mm,2 - Decimal,2,,,,
109357 j4i09168,METRIC THREADING DIAMETER 1,FILTERS AND ACCESSORIES,109357,No,mm,2 - Decimal,2,,,,
109358 j4i03694,EXIT DIAMETER 1,HYDRAULIC / PNEUMATIC ACCESSORIES,109358,No,mm,2 - Decimal,2,,,,
109358 j4i03695,EXIT DIAMETER 2,HYDRAULIC / PNEUMATIC ACCESSORIES,109358,No,mm,2 - Decimal,2,,,,
109358 j4i09168,METRIC THREADING DIAMETER 1,HYDRAULIC / PNEUMATIC ACCESSORIES,109358,No,mm,2 - Decimal,2,,,,
109358 j4i09224,METRIC THREADING DIAMETER 2,HYDRAULIC / PNEUMATIC ACCESSORIES,109358,No,mm,2 - Decimal,2,,,,
109359 j4i09168,METRIC THREADING DIAMETER 1,PUMPS AND COMPRESSORS,109359,No,mm,2 - Decimal,2,,,,
109359 j4i09224,METRIC THREADING DIAMETER 2,PUMPS AND COMPRESSORS,109359,No,mm,2 - Decimal,2,,,,
109359 j4i09225,METRIC THREADING DIAMETER 3,PUMPS AND COMPRESSORS,109359,No,mm,2 - Decimal,2,,,,
109359 j4i09226,METRIC THREADING DIAMETER 4,PUMPS AND COMPRESSORS,109359,No,mm,2 - Decimal,2,,,,
109364 j4i09136,GRAIN SIZE,MECHANICAL TREATMENT BEFORE PAINTING AND GLUING,109364,No,mm,2 - Decimal,2,,,,
109367 j4i08314,OUT DUST DRYING,OLD PAINTING PRODUCTS,109367,No,mm,2 - Decimal,2,,,,
109378 j4i02203,THICKNESS,SOUNDPROOFING,109378,No,mm,2 - Decimal,2,,,,
109378 j4i02295,WIDTH,SOUNDPROOFING,109378,No,mm,2 - Decimal,2,,,,
109378 j4i02306,LENGTH,SOUNDPROOFING,109378,No,mm,2 - Decimal,2,,,,
109383 j4i02112,DIAMETER,CAM LOCKS,109383,No,mm,2 - Decimal,2,,,,
109383 j4i02203,THICKNESS,CAM LOCKS,109383,No,mm,2 - Decimal,2,,,,
109383 j4i09211,LEDGE,CAM LOCKS,109383,No,mm,2 - Decimal,2,,,,
109384 j4i02203,THICKNESS,LOCK BARS AND ACCESSORIES,109384,No,mm,2 - Decimal,2,,,,
109384 j4i02209,MAXIMUM PANEL THICKNESS,LOCK BARS AND ACCESSORIES,109384,No,mm,2 - Decimal,2,,,,
109384 j4i02295,WIDTH,LOCK BARS AND ACCESSORIES,109384,No,mm,2 - Decimal,2,,,,
109384 j4i02306,LENGTH,LOCK BARS AND ACCESSORIES,109384,No,mm,2 - Decimal,2,,,,
109385 j4i02203,THICKNESS,LOCKS,109385,No,mm,2 - Decimal,2,,,,
109385 j4i02205,PANEL THICKNESS,LOCKS,109385,No,mm,2 - Decimal,2,,,,
109385 j4i02265,HEIGHT,LOCKS,109385,No,mm,2 - Decimal,2,,,,
109385 j4i02301,PANEL WIDTH,LOCKS,109385,No,mm,2 - Decimal,2,,,,
109385 j4i02306,LENGTH,LOCKS,109385,No,mm,2 - Decimal,2,,,,
109385 j4i02317,PANEL LENGTH,LOCKS,109385,No,mm,2 - Decimal,2,,,,
109386 j4i02098,TIGHTENING RANGE,QUARTER TURN QUICK LOCKS,109386,No,mm,2 - Decimal,2,,,,
109386 j4i02158,HEAD DIAMETER,QUARTER TURN QUICK LOCKS,109386,No,mm,2 - Decimal,2,,,,
109386 j4i02265,HEIGHT,QUARTER TURN QUICK LOCKS,109386,No,mm,2 - Decimal,2,,,,
109386 j4i02295,WIDTH,QUARTER TURN QUICK LOCKS,109386,No,mm,2 - Decimal,2,,,,
109386 j4i03160,AXE LENGTH,QUARTER TURN QUICK LOCKS,109386,No,mm,2 - Decimal,2,,,,
109386 j4i03336,MAXIMUM CLAMPING THICKNESS,QUARTER TURN QUICK LOCKS,109386,No,mm,2 - Decimal,2,,,,
109386 j4i09208,INNER DIAMETER OF THE COLLAR,QUARTER TURN QUICK LOCKS,109386,No,mm,2 - Decimal,2,,,,
109388 j4i02098,TIGHTENING RANGE,LATCHES,109388,No,mm,2 - Decimal,2,,,,
109388 j4i02112,DIAMETER,LATCHES,109388,No,mm,2 - Decimal,2,,,,
109388 j4i02203,THICKNESS,LATCHES,109388,No,mm,2 - Decimal,2,,,,
109388 j4i02209,MAXIMUM PANEL THICKNESS,LATCHES,109388,No,mm,2 - Decimal,2,,,,
109388 j4i02265,HEIGHT,LATCHES,109388,No,mm,2 - Decimal,2,,,,
109388 j4i02295,WIDTH,LATCHES,109388,No,mm,2 - Decimal,2,,,,
109388 j4i02306,LENGTH,LATCHES,109388,No,mm,2 - Decimal,2,,,,
109388 j4i03675,MINIMUM PANEL THICKNESS,LATCHES,109388,No,mm,2 - Decimal,2,,,,
109388 j4i09062,CLAMPING RANGE,LATCHES,109388,No,mm,2 - Decimal,2,,,,
109388 j4i09214,LENGTH OF THE LATCH STROKE,LATCHES,109388,No,mm,2 - Decimal,2,,,,
109390 j4i02097,SPRING TRAVEL,GAS SPRINGS,109390,No,mm,2 - Decimal,2,,,,
109390 j4i02166,EXTERNAL DIAMETER,GAS SPRINGS,109390,No,mm,2 - Decimal,2,,,,
109390 j4i09079,EXTENDED LENGTH,GAS SPRINGS,109390,No,mm,2 - Decimal,2,,,,
109390 j4i09080,COMPRESSED LENGTH,GAS SPRINGS,109390,No,mm,2 - Decimal,2,,,,
109391 j4i02203,THICKNESS,HINGES,109391,No,mm,2 - Decimal,2,,,,
109391 j4i02295,WIDTH,HINGES,109391,No,mm,2 - Decimal,2,,,,
109391 j4i02306,LENGTH,HINGES,109391,No,mm,2 - Decimal,2,,,,
109391 j4i02881,HINGE PITCH,HINGES,109391,No,mm,2 - Decimal,2,,,,
109391 j4i03327,AXE DIAMETER,HINGES,109391,No,mm,2 - Decimal,2,,,,
109391 j4i03636,MAX DOORS THICKNESS,HINGES,109391,No,mm,2 - Decimal,2,,,,
109392 j4i02121,MAXIMUM SLING DIAMETER,HOOKS,109392,No,mm,2 - Decimal,2,,,,
109392 j4i02128,WIRE DIAMETER,HOOKS,109392,No,mm,2 - Decimal,2,,,,
109392 j4i02306,LENGTH,HOOKS,109392,No,mm,2 - Decimal,2,,,,
109392 j4i03205,INTERNAL DIAMETER 1,HOOKS,109392,No,mm,2 - Decimal,2,,,,
109392 j4i03206,INTERNAL DIAMETER 2,HOOKS,109392,No,mm,2 - Decimal,2,,,,
109392 j4i03327,AXE DIAMETER,HOOKS,109392,No,mm,2 - Decimal,2,,,,
109392 j4i03655,OPENING 1,HOOKS,109392,No,mm,2 - Decimal,2,,,,
109392 j4i03656,OPENING 2,HOOKS,109392,No,mm,2 - Decimal,2,,,,
109393 j4i02203,THICKNESS,TELESCOPIC SLIDES AND GUIDE RAILS,109393,No,mm,2 - Decimal,2,,,,
109393 j4i02295,WIDTH,TELESCOPIC SLIDES AND GUIDE RAILS,109393,No,mm,2 - Decimal,2,,,,
109393 j4i02306,LENGTH,TELESCOPIC SLIDES AND GUIDE RAILS,109393,No,mm,2 - Decimal,2,,,,
109393 j4i03325,TRAVEL,TELESCOPIC SLIDES AND GUIDE RAILS,109393,No,mm,2 - Decimal,2,,,,
109394 j4i02112,DIAMETER,HANDLES OR KNOBS,109394,No,mm,2 - Decimal,2,,,,
109394 j4i02135,FASTENING DIAMETER,HANDLES OR KNOBS,109394,No,mm,2 - Decimal,2,,,,
109394 j4i02209,MAXIMUM PANEL THICKNESS,HANDLES OR KNOBS,109394,No,mm,2 - Decimal,2,,,,
109394 j4i02265,HEIGHT,HANDLES OR KNOBS,109394,No,mm,2 - Decimal,2,,,,
109394 j4i02295,WIDTH,HANDLES OR KNOBS,109394,No,mm,2 - Decimal,2,,,,
109394 j4i02306,LENGTH,HANDLES OR KNOBS,109394,No,mm,2 - Decimal,2,,,,
109395 j4i02112,DIAMETER,ELASTOMER BLOCS,109395,No,mm,2 - Decimal,2,,,,
109395 j4i02295,WIDTH,ELASTOMER BLOCS,109395,No,mm,2 - Decimal,2,,,,
109395 j4i02306,LENGTH,ELASTOMER BLOCS,109395,No,mm,2 - Decimal,2,,,,
109395 j4i03338,COMPRESSION DEFLECTION,ELASTOMER BLOCS,109395,No,mm,2 - Decimal,2,,,,
109395 j4i03341,VERTICAL CLEARANCE,ELASTOMER BLOCS,109395,No,mm,2 - Decimal,2,,,,
109396 j4i02100,LOCK STROKE,SPRING PLUNGERS,109396,No,mm,2 - Decimal,2,,,,
109396 j4i02159,ROD DIAMETER,SPRING PLUNGERS,109396,No,mm,2 - Decimal,2,,,,
109396 j4i02183,NOMINAL DIAMETER,SPRING PLUNGERS,109396,No,mm,2 - Decimal,2,,,,
109396 j4i02329,TOTAL LENGTH,SPRING PLUNGERS,109396,No,mm,2 - Decimal,2,,,,
109398 j4i02128,WIRE DIAMETER,CHAINS,109398,No,mm,2 - Decimal,2,,,,
109398 j4i02306,LENGTH,CHAINS,109398,No,mm,2 - Decimal,2,,,,
109399 j4i02112,DIAMETER,MECHANICAL WIRES AND CABLES,109399,No,mm,2 - Decimal,2,,,,
109399 j4i02306,LENGTH,MECHANICAL WIRES AND CABLES,109399,No,mm,2 - Decimal,2,,,,
109400 j4i02203,THICKNESS,SIGNAGE AND PROTECTIVE FILMS,109400,No,mm,2 - Decimal,2,,,,
109400 j4i02270,LETTER HEIGHT,SIGNAGE AND PROTECTIVE FILMS,109400,No,mm,2 - Decimal,2,,,,
109400 j4i02295,WIDTH,SIGNAGE AND PROTECTIVE FILMS,109400,No,mm,2 - Decimal,2,,,,
109400 j4i02306,LENGTH,SIGNAGE AND PROTECTIVE FILMS,109400,No,mm,2 - Decimal,2,,,,
109403 j4i02128,WIRE DIAMETER,"TORSION, COMPRESSION AND EXTENSION SPRINGS",109403,No,mm,2 - Decimal,2,,,,
109403 j4i02167,SPRING EXTERNAL DIAMETER,"TORSION, COMPRESSION AND EXTENSION SPRINGS",109403,No,mm,2 - Decimal,2,,,,
109403 j4i02178,SPRING INTERNAL DIAMETER,"TORSION, COMPRESSION AND EXTENSION SPRINGS",109403,No,mm,2 - Decimal,2,,,,
109403 j4i03154,FREE LENGTH,"TORSION, COMPRESSION AND EXTENSION SPRINGS",109403,No,mm,2 - Decimal,2,,,,
109404 j4i02166,EXTERNAL DIAMETER,SPRING SADDLES,109404,No,mm,2 - Decimal,2,,,,
109404 j4i02177,INTERNAL DIAMETER,SPRING SADDLES,109404,No,mm,2 - Decimal,2,,,,
109404 j4i02203,THICKNESS,SPRING SADDLES,109404,No,mm,2 - Decimal,2,,,,
109406 j4i02166,EXTERNAL DIAMETER,BALL BEARINGS,109406,No,mm,2 - Decimal,2,,,,
109406 j4i02177,INTERNAL DIAMETER,BALL BEARINGS,109406,No,mm,2 - Decimal,2,,,,
109406 j4i02295,WIDTH,BALL BEARINGS,109406,No,mm,2 - Decimal,2,,,,
109407 j4i02166,EXTERNAL DIAMETER,ROLLER BEARINGS,109407,No,mm,2 - Decimal,2,,,,
109407 j4i02177,INTERNAL DIAMETER,ROLLER BEARINGS,109407,No,mm,2 - Decimal,2,,,,
109407 j4i02295,WIDTH,ROLLER BEARINGS,109407,No,mm,2 - Decimal,2,,,,
109408 j4i02166,EXTERNAL DIAMETER,THRUST BEARINGS,109408,No,mm,2 - Decimal,2,,,,
109408 j4i02177,INTERNAL DIAMETER,THRUST BEARINGS,109408,No,mm,2 - Decimal,2,,,,
109408 j4i02183,NOMINAL DIAMETER,THRUST BEARINGS,109408,No,mm,2 - Decimal,2,,,,
109408 j4i02295,WIDTH,THRUST BEARINGS,109408,No,mm,2 - Decimal,2,,,,
109408 j4i02306,LENGTH,THRUST BEARINGS,109408,No,mm,2 - Decimal,2,,,,
109409 j4i02166,EXTERNAL DIAMETER,NEEDLE BEARINGS,109409,No,mm,2 - Decimal,2,,,,
109409 j4i02177,INTERNAL DIAMETER,NEEDLE BEARINGS,109409,No,mm,2 - Decimal,2,,,,
109409 j4i02295,WIDTH,NEEDLE BEARINGS,109409,No,mm,2 - Decimal,2,,,,
109410 j4i02119,SHAFT DIAMETER,BEARING HOUSINGS,109410,No,mm,2 - Decimal,2,,,,
109410 j4i02265,HEIGHT,BEARING HOUSINGS,109410,No,mm,2 - Decimal,2,,,,
109410 j4i02295,WIDTH,BEARING HOUSINGS,109410,No,mm,2 - Decimal,2,,,,
109410 j4i02306,LENGTH,BEARING HOUSINGS,109410,No,mm,2 - Decimal,2,,,,
109411 j4i02166,EXTERNAL DIAMETER,COMBINATION BEARINGS,109411,No,mm,2 - Decimal,2,,,,
109411 j4i02177,INTERNAL DIAMETER,COMBINATION BEARINGS,109411,No,mm,2 - Decimal,2,,,,
109411 j4i02295,WIDTH,COMBINATION BEARINGS,109411,No,mm,2 - Decimal,2,,,,
109412 j4i02183,NOMINAL DIAMETER,BEARING BALLS,109412,No,mm,2 - Decimal,2,,,,
109413 j4i02183,NOMINAL DIAMETER,BEARING NEEDLE,109413,No,mm,2 - Decimal,2,,,,
109413 j4i02306,LENGTH,BEARING NEEDLE,109413,No,mm,2 - Decimal,2,,,,
109414 j4i02166,EXTERNAL DIAMETER,INNER RINGS,109414,No,mm,2 - Decimal,2,,,,
109414 j4i02177,INTERNAL DIAMETER,INNER RINGS,109414,No,mm,2 - Decimal,2,,,,
109414 j4i02295,WIDTH,INNER RINGS,109414,No,mm,2 - Decimal,2,,,,
109415 j4i02138,COLLAR DIAMETER,BUSHES,109415,No,mm,2 - Decimal,2,,,,
109415 j4i02166,EXTERNAL DIAMETER,BUSHES,109415,No,mm,2 - Decimal,2,,,,
109415 j4i02177,INTERNAL DIAMETER,BUSHES,109415,No,mm,2 - Decimal,2,,,,
109415 j4i02204,COLLAR THICKNESS,BUSHES,109415,No,mm,2 - Decimal,2,,,,
109415 j4i02295,WIDTH,BUSHES,109415,No,mm,2 - Decimal,2,,,,
109417 j4i02166,EXTERNAL DIAMETER,MECHANICAL SEALS,109417,No,mm,2 - Decimal,2,,,,
109417 j4i02177,INTERNAL DIAMETER,MECHANICAL SEALS,109417,No,mm,2 - Decimal,2,,,,
109417 j4i02203,THICKNESS,MECHANICAL SEALS,109417,No,mm,2 - Decimal,2,,,,
109418 j4i03203,ENGAGEMENT DIAMETER,BELLOWS,109418,No,mm,2 - Decimal,2,,,,
109418 j4i03298,ENGAGEMENT LENGHT,BELLOWS,109418,No,mm,2 - Decimal,2,,,,
109418 j4i03342,ENGAGEMENT WIDTH,BELLOWS,109418,No,mm,2 - Decimal,2,,,,
109419 j4i02099,CYLINDER STROKE,JACKS / ACTUATORS,109419,No,mm,2 - Decimal,2,,,,
109419 j4i02159,ROD DIAMETER,JACKS / ACTUATORS,109419,No,mm,2 - Decimal,2,,,,
109419 j4i02329,TOTAL LENGTH,JACKS / ACTUATORS,109419,No,mm,2 - Decimal,2,,,,
109419 j4i09168,METRIC THREADING DIAMETER 1,JACKS / ACTUATORS,109419,No,mm,2 - Decimal,2,,,,
109419 j4i09224,METRIC THREADING DIAMETER 2,JACKS / ACTUATORS,109419,No,mm,2 - Decimal,2,,,,
109422 j4i02183,NOMINAL DIAMETER,NAILS,109422,No,mm,2 - Decimal,2,,,,
109422 j4i02318,ROD LENGTH,NAILS,109422,No,mm,2 - Decimal,2,,,,
109423 j4i02112,DIAMETER,ANCHORAGE SYSTEMS,109423,No,mm,2 - Decimal,2,,,,
109423 j4i02162,SCREW DIAMETER,ANCHORAGE SYSTEMS,109423,No,mm,2 - Decimal,2,,,,
109423 j4i02306,LENGTH,ANCHORAGE SYSTEMS,109423,No,mm,2 - Decimal,2,,,,
109425 j4i02128,WIRE DIAMETER,SNAP RINGS,109425,No,mm,2 - Decimal,2,,,,
109425 j4i02183,NOMINAL DIAMETER,SNAP RINGS,109425,No,mm,2 - Decimal,2,,,,
109425 j4i02203,THICKNESS,SNAP RINGS,109425,No,mm,2 - Decimal,2,,,,
109425 j4i02295,WIDTH,SNAP RINGS,109425,No,mm,2 - Decimal,2,,,,
109425 j4i03644,CLEAR DIAMETER,SNAP RINGS,109425,No,mm,2 - Decimal,2,,,,
109426 j4i02203,THICKNESS,STAPLES,109426,No,mm,2 - Decimal,2,,,,
109426 j4i02306,LENGTH,STAPLES,109426,No,mm,2 - Decimal,2,,,,
109426 j4i03634,BAND WIDTH,STAPLES,109426,No,mm,2 - Decimal,2,,,,
109427 j4i09103,DIAMETER SIDE 1,BRACES,109427,No,mm,2 - Decimal,2,,,,
109427 j4i09105,LENGTH SIDE 1,BRACES,109427,No,mm,2 - Decimal,2,,,,
109427 j4i09106,DIAMETER SIDE 2,BRACES,109427,No,mm,2 - Decimal,2,,,,
109427 j4i09108,LENGTH SIDE 2,BRACES,109427,No,mm,2 - Decimal,2,,,,
109427 j4i09110,LENGTH BETWEEN SUPPORTS,BRACES,109427,No,mm,2 - Decimal,2,,,,
109427 j4i09111,LENGTH OVERALL,BRACES,109427,No,mm,2 - Decimal,2,,,,
109428 j4i02183,NOMINAL DIAMETER,PINS,109428,No,mm,2 - Decimal,2,,,,
109428 j4i02306,LENGTH,PINS,109428,No,mm,2 - Decimal,2,,,,
109429 j4i02166,EXTERNAL DIAMETER,RETAINING RINGS,109429,No,mm,2 - Decimal,2,,,,
109429 j4i02177,INTERNAL DIAMETER,RETAINING RINGS,109429,No,mm,2 - Decimal,2,,,,
109429 j4i02203,THICKNESS,RETAINING RINGS,109429,No,mm,2 - Decimal,2,,,,
109429 j4i02204,COLLAR THICKNESS,RETAINING RINGS,109429,No,mm,2 - Decimal,2,,,,
109429 j4i02306,LENGTH,RETAINING RINGS,109429,No,mm,2 - Decimal,2,,,,
109430 j4i02166,EXTERNAL DIAMETER,WOODRUFF KEYS,109430,No,mm,2 - Decimal,2,,,,
109430 j4i02177,INTERNAL DIAMETER,WOODRUFF KEYS,109430,No,mm,2 - Decimal,2,,,,
109430 j4i02203,THICKNESS,WOODRUFF KEYS,109430,No,mm,2 - Decimal,2,,,,
109430 j4i02295,WIDTH,WOODRUFF KEYS,109430,No,mm,2 - Decimal,2,,,,
109430 j4i02306,LENGTH,WOODRUFF KEYS,109430,No,mm,2 - Decimal,2,,,,
109431 j4i02203,THICKNESS,SHIMS,109431,No,mm,2 - Decimal,2,,,,
109431 j4i02295,WIDTH,SHIMS,109431,No,mm,2 - Decimal,2,,,,
109431 j4i02306,LENGTH,SHIMS,109431,No,mm,2 - Decimal,2,,,,
109432 j4i02183,NOMINAL DIAMETER,CENTERING PINS,109432,No,mm,2 - Decimal,2,,,,
109432 j4i02306,LENGTH,CENTERING PINS,109432,No,mm,2 - Decimal,2,,,,
109432 j4i02323,THREAD LENGTH,CENTERING PINS,109432,No,mm,2 - Decimal,2,,,,
109432 j4i02331,OVERALL LENGTH BELOW HEAD,CENTERING PINS,109432,No,mm,2 - Decimal,2,,,,
109434 j4i02183,NOMINAL DIAMETER,STRUCTURAL AND SEMI-STRUCTURAL RIVETS,109434,No,mm,2 - Decimal,2,,,,
109434 j4i02209,MAXIMUM PANEL THICKNESS,STRUCTURAL AND SEMI-STRUCTURAL RIVETS,109434,No,mm,2 - Decimal,2,,,,
109434 j4i02331,OVERALL LENGTH BELOW HEAD,STRUCTURAL AND SEMI-STRUCTURAL RIVETS,109434,No,mm,2 - Decimal,2,,,,
109434 j4i03675,MINIMUM PANEL THICKNESS,STRUCTURAL AND SEMI-STRUCTURAL RIVETS,109434,No,mm,2 - Decimal,2,,,,
109435 j4i02183,NOMINAL DIAMETER,RETAINING RIVETS,109435,No,mm,2 - Decimal,2,,,,
109435 j4i02211,MAXIMUM THICKNESS RIVETED,RETAINING RIVETS,109435,No,mm,2 - Decimal,2,,,,
109435 j4i02331,OVERALL LENGTH BELOW HEAD,RETAINING RIVETS,109435,No,mm,2 - Decimal,2,,,,
109435 j4i03662,MINIMUM THICKNESS RIVETED,RETAINING RIVETS,109435,No,mm,2 - Decimal,2,,,,
109436 j4i02183,NOMINAL DIAMETER,GROUNDING RIVETS,109436,No,mm,2 - Decimal,2,,,,
109436 j4i02211,MAXIMUM THICKNESS RIVETED,GROUNDING RIVETS,109436,No,mm,2 - Decimal,2,,,,
109436 j4i02331,OVERALL LENGTH BELOW HEAD,GROUNDING RIVETS,109436,No,mm,2 - Decimal,2,,,,
109436 j4i03662,MINIMUM THICKNESS RIVETED,GROUNDING RIVETS,109436,No,mm,2 - Decimal,2,,,,
109437 j4i02183,NOMINAL DIAMETER,NON-BLIND RIVETS,109437,No,mm,2 - Decimal,2,,,,
109437 j4i02211,MAXIMUM THICKNESS RIVETED,NON-BLIND RIVETS,109437,No,mm,2 - Decimal,2,,,,
109437 j4i02331,OVERALL LENGTH BELOW HEAD,NON-BLIND RIVETS,109437,No,mm,2 - Decimal,2,,,,
109437 j4i03662,MINIMUM THICKNESS RIVETED,NON-BLIND RIVETS,109437,No,mm,2 - Decimal,2,,,,
109440 j4i02183,NOMINAL DIAMETER,CAPTIVE SCREWS,109440,No,mm,2 - Decimal,2,,,,
109440 j4i02306,LENGTH,CAPTIVE SCREWS,109440,No,mm,2 - Decimal,2,,,,
109440 j4i02323,THREAD LENGTH,CAPTIVE SCREWS,109440,No,mm,2 - Decimal,2,,,,
109441 j4i02183,NOMINAL DIAMETER,SCREWS FOR PROFILES,109441,No,mm,2 - Decimal,2,,,,
109441 j4i02302,HEAD WIDTH,SCREWS FOR PROFILES,109441,No,mm,2 - Decimal,2,,,,
109441 j4i02306,LENGTH,SCREWS FOR PROFILES,109441,No,mm,2 - Decimal,2,,,,
109441 j4i02323,THREAD LENGTH,SCREWS FOR PROFILES,109441,No,mm,2 - Decimal,2,,,,
109441 j4i09067,HEAD LENGTH,SCREWS FOR PROFILES,109441,No,mm,2 - Decimal,2,,,,
109441 j4i09068,HEAD THICKNESS,SCREWS FOR PROFILES,109441,No,mm,2 - Decimal,2,,,,
109442 j4i02183,NOMINAL DIAMETER,SECURITY SCREWS,109442,No,mm,2 - Decimal,2,,,,
109442 j4i02306,LENGTH,SECURITY SCREWS,109442,No,mm,2 - Decimal,2,,,,
109442 j4i02323,THREAD LENGTH,SECURITY SCREWS,109442,No,mm,2 - Decimal,2,,,,
109443 j4i02183,NOMINAL DIAMETER,SELF-TAPPING AND SELF-DRILLING SCREWS,109443,No,mm,2 - Decimal,2,,,,
109443 j4i02306,LENGTH,SELF-TAPPING AND SELF-DRILLING SCREWS,109443,No,mm,2 - Decimal,2,,,,
109443 j4i02323,THREAD LENGTH,SELF-TAPPING AND SELF-DRILLING SCREWS,109443,No,mm,2 - Decimal,2,,,,
109444 j4i02183,NOMINAL DIAMETER,SPECIAL SCREWS,109444,No,mm,2 - Decimal,2,,,,
109444 j4i02306,LENGTH,SPECIAL SCREWS,109444,No,mm,2 - Decimal,2,,,,
109444 j4i02323,THREAD LENGTH,SPECIAL SCREWS,109444,No,mm,2 - Decimal,2,,,,
109445 j4i02183,NOMINAL DIAMETER,STANDARD SCREWS,109445,No,mm,2 - Decimal,2,,,,
109445 j4i02306,LENGTH,STANDARD SCREWS,109445,No,mm,2 - Decimal,2,,,,
109445 j4i02323,THREAD LENGTH,STANDARD SCREWS,109445,No,mm,2 - Decimal,2,,,,
109446 j4i02183,NOMINAL DIAMETER,WOOD SCREWS,109446,No,mm,2 - Decimal,2,,,,
109446 j4i02306,LENGTH,WOOD SCREWS,109446,No,mm,2 - Decimal,2,,,,
109446 j4i02323,THREAD LENGTH,WOOD SCREWS,109446,No,mm,2 - Decimal,2,,,,
109448 j4i02158,HEAD DIAMETER,STUD BOLTS,109448,No,mm,2 - Decimal,2,,,,
109448 j4i02183,NOMINAL DIAMETER,STUD BOLTS,109448,No,mm,2 - Decimal,2,,,,
109448 j4i02209,MAXIMUM PANEL THICKNESS,STUD BOLTS,109448,No,mm,2 - Decimal,2,,,,
109448 j4i02306,LENGTH,STUD BOLTS,109448,No,mm,2 - Decimal,2,,,,
109448 j4i02323,THREAD LENGTH,STUD BOLTS,109448,No,mm,2 - Decimal,2,,,,
109448 j4i03675,MINIMUM PANEL THICKNESS,STUD BOLTS,109448,No,mm,2 - Decimal,2,,,,
109449 j4i02183,NOMINAL DIAMETER,THREADED RODS,109449,No,mm,2 - Decimal,2,,,,
109449 j4i02306,LENGTH,THREADED RODS,109449,No,mm,2 - Decimal,2,,,,
109450 j4i02183,NOMINAL DIAMETER,BOLTS,109450,No,mm,2 - Decimal,2,,,,
109450 j4i02323,THREAD LENGTH,BOLTS,109450,No,mm,2 - Decimal,2,,,,
109450 j4i03632,OVERALL LENGTH BELOW HEAD,BOLTS,109450,No,mm,2 - Decimal,2,,,,
109452 j4i02183,NOMINAL DIAMETER,BLIND RIVET NUTS,109452,No,mm,2 - Decimal,2,,,,
109452 j4i02209,MAXIMUM PANEL THICKNESS,BLIND RIVET NUTS,109452,No,mm,2 - Decimal,2,,,,
109452 j4i02306,LENGTH,BLIND RIVET NUTS,109452,No,mm,2 - Decimal,2,,,,
109452 j4i03675,MINIMUM PANEL THICKNESS,BLIND RIVET NUTS,109452,No,mm,2 - Decimal,2,,,,
109453 j4i02183,NOMINAL DIAMETER,CAGE NUTS,109453,No,mm,2 - Decimal,2,,,,
109453 j4i02209,MAXIMUM PANEL THICKNESS,CAGE NUTS,109453,No,mm,2 - Decimal,2,,,,
109453 j4i03675,MINIMUM PANEL THICKNESS,CAGE NUTS,109453,No,mm,2 - Decimal,2,,,,
109453 j4i09075,SIZE NUT,CAGE NUTS,109453,No,mm,2 - Decimal,2,,,,
109454 j4i02183,NOMINAL DIAMETER,CLIP NUTS,109454,No,mm,2 - Decimal,2,,,,
109454 j4i02209,MAXIMUM PANEL THICKNESS,CLIP NUTS,109454,No,mm,2 - Decimal,2,,,,
109454 j4i03675,MINIMUM PANEL THICKNESS,CLIP NUTS,109454,No,mm,2 - Decimal,2,,,,
109455 j4i02183,NOMINAL DIAMETER,SPECIAL NUTS,109455,No,mm,2 - Decimal,2,,,,
109455 j4i02203,THICKNESS,SPECIAL NUTS,109455,No,mm,2 - Decimal,2,,,,
109456 j4i02183,NOMINAL DIAMETER,STANDARD NUTS,109456,No,mm,2 - Decimal,2,,,,
109457 j4i02183,NOMINAL DIAMETER,WELD NUTS,109457,No,mm,2 - Decimal,2,,,,
109457 j4i02265,HEIGHT,WELD NUTS,109457,No,mm,2 - Decimal,2,,,,
109459 j4i02166,EXTERNAL DIAMETER,NONMETALLIC WASHERS,109459,No,mm,2 - Decimal,2,,,,
109459 j4i02177,INTERNAL DIAMETER,NONMETALLIC WASHERS,109459,No,mm,2 - Decimal,2,,,,
109459 j4i02183,NOMINAL DIAMETER,NONMETALLIC WASHERS,109459,No,mm,2 - Decimal,2,,,,
109459 j4i02203,THICKNESS,NONMETALLIC WASHERS,109459,No,mm,2 - Decimal,2,,,,
109460 j4i02166,EXTERNAL DIAMETER,SEAL WASHERS,109460,No,mm,2 - Decimal,2,,,,
109460 j4i02177,INTERNAL DIAMETER,SEAL WASHERS,109460,No,mm,2 - Decimal,2,,,,
109460 j4i02183,NOMINAL DIAMETER,SEAL WASHERS,109460,No,mm,2 - Decimal,2,,,,
109460 j4i02203,THICKNESS,SEAL WASHERS,109460,No,mm,2 - Decimal,2,,,,
109461 j4i02166,EXTERNAL DIAMETER,SPECIAL WASHERS,109461,No,mm,2 - Decimal,2,,,,
109461 j4i02177,INTERNAL DIAMETER,SPECIAL WASHERS,109461,No,mm,2 - Decimal,2,,,,
109461 j4i02183,NOMINAL DIAMETER,SPECIAL WASHERS,109461,No,mm,2 - Decimal,2,,,,
109461 j4i02203,THICKNESS,SPECIAL WASHERS,109461,No,mm,2 - Decimal,2,,,,
109462 j4i02166,EXTERNAL DIAMETER,STANDARD WASHERS,109462,No,mm,2 - Decimal,2,,,,
109462 j4i02177,INTERNAL DIAMETER,STANDARD WASHERS,109462,No,mm,2 - Decimal,2,,,,
109462 j4i02183,NOMINAL DIAMETER,STANDARD WASHERS,109462,No,mm,2 - Decimal,2,,,,
109462 j4i02203,THICKNESS,STANDARD WASHERS,109462,No,mm,2 - Decimal,2,,,,
109463 j4i02166,EXTERNAL DIAMETER,TOOTH LOCK WASHERS,109463,No,mm,2 - Decimal,2,,,,
109463 j4i02177,INTERNAL DIAMETER,TOOTH LOCK WASHERS,109463,No,mm,2 - Decimal,2,,,,
109463 j4i02183,NOMINAL DIAMETER,TOOTH LOCK WASHERS,109463,No,mm,2 - Decimal,2,,,,
109463 j4i02203,THICKNESS,TOOTH LOCK WASHERS,109463,No,mm,2 - Decimal,2,,,,
109464 j4i02157,TAPPING DIAMETER,NON-METALLIC INSERTS,109464,No,mm,2 - Decimal,2,,,,
109464 j4i02183,NOMINAL DIAMETER,NON-METALLIC INSERTS,109464,No,mm,2 - Decimal,2,,,,
109464 j4i02306,LENGTH,NON-METALLIC INSERTS,109464,No,mm,2 - Decimal,2,,,,
109464 j4i02323,THREAD LENGTH,NON-METALLIC INSERTS,109464,No,mm,2 - Decimal,2,,,,
109465 j4i02157,TAPPING DIAMETER,THREADED INSERTS,109465,No,mm,2 - Decimal,2,,,,
109465 j4i02183,NOMINAL DIAMETER,THREADED INSERTS,109465,No,mm,2 - Decimal,2,,,,
109465 j4i02306,LENGTH,THREADED INSERTS,109465,No,mm,2 - Decimal,2,,,,
109465 j4i02323,THREAD LENGTH,THREADED INSERTS,109465,No,mm,2 - Decimal,2,,,,
109466 j4i02183,NOMINAL DIAMETER,ACCESSORIES FOR FASTENING IN PROFILES,109466,No,mm,2 - Decimal,2,,,,
109466 j4i02203,THICKNESS,ACCESSORIES FOR FASTENING IN PROFILES,109466,No,mm,2 - Decimal,2,,,,
109466 j4i02295,WIDTH,ACCESSORIES FOR FASTENING IN PROFILES,109466,No,mm,2 - Decimal,2,,,,
109466 j4i02306,LENGTH,ACCESSORIES FOR FASTENING IN PROFILES,109466,No,mm,2 - Decimal,2,,,,
109466 j4i03640,OPENING,ACCESSORIES FOR FASTENING IN PROFILES,109466,No,mm,2 - Decimal,2,,,,
109470 j4i02203,THICKNESS,PLATES AND STRIPS FOR INSULATION,109470,No,mm,2 - Decimal,2,,,,
109470 j4i02295,WIDTH,PLATES AND STRIPS FOR INSULATION,109470,No,mm,2 - Decimal,2,,,,
109470 j4i02306,LENGTH,PLATES AND STRIPS FOR INSULATION,109470,No,mm,2 - Decimal,2,,,,
109471 j4i02112,DIAMETER,NO METALLIC PROFILES,109471,No,mm,2 - Decimal,2,,,,
109471 j4i02203,THICKNESS,NO METALLIC PROFILES,109471,No,mm,2 - Decimal,2,,,,
109471 j4i02265,HEIGHT,NO METALLIC PROFILES,109471,No,mm,2 - Decimal,2,,,,
109471 j4i02295,WIDTH,NO METALLIC PROFILES,109471,No,mm,2 - Decimal,2,,,,
109471 j4i02306,LENGTH,NO METALLIC PROFILES,109471,No,mm,2 - Decimal,2,,,,
109471 j4i09062,CLAMPING RANGE,NO METALLIC PROFILES,109471,No,mm,2 - Decimal,2,,,,
109472 j4i02203,THICKNESS,FLAT PLASTIC STRIP / TAPE,109472,No,mm,2 - Decimal,2,,,,
109472 j4i02295,WIDTH,FLAT PLASTIC STRIP / TAPE,109472,No,mm,2 - Decimal,2,,,,
109472 j4i02306,LENGTH,FLAT PLASTIC STRIP / TAPE,109472,No,mm,2 - Decimal,2,,,,
109473 j4i02203,THICKNESS,NON-METALLIC PLATES,109473,No,mm,2 - Decimal,2,,,,
109473 j4i02295,WIDTH,NON-METALLIC PLATES,109473,No,mm,2 - Decimal,2,,,,
109473 j4i02306,LENGTH,NON-METALLIC PLATES,109473,No,mm,2 - Decimal,2,,,,
109475 j4i02203,THICKNESS,METALLIC FOILS,109475,No,mm,2 - Decimal,2,,,,
109475 j4i02295,WIDTH,METALLIC FOILS,109475,No,mm,2 - Decimal,2,,,,
109475 j4i02306,LENGTH,METALLIC FOILS,109475,No,mm,2 - Decimal,2,,,,
109476 j4i02128,WIRE DIAMETER,METALLIC PLATES,109476,No,mm,2 - Decimal,2,,,,
109476 j4i02203,THICKNESS,METALLIC PLATES,109476,No,mm,2 - Decimal,2,,,,
109476 j4i02295,WIDTH,METALLIC PLATES,109476,No,mm,2 - Decimal,2,,,,
109476 j4i03331,PERFORATION DIAMETER,METALLIC PLATES,109476,No,mm,2 - Decimal,2,,,,
109476 j4i03343,PERFORATION WIDTH,METALLIC PLATES,109476,No,mm,2 - Decimal,2,,,,
109476 j4i03346,PERFORATION LENGTH,METALLIC PLATES,109476,No,mm,2 - Decimal,2,,,,
109477 j4i02203,THICKNESS,OTHER METALLIC PROFILES,109477,No,mm,2 - Decimal,2,,,,
109477 j4i02265,HEIGHT,OTHER METALLIC PROFILES,109477,No,mm,2 - Decimal,2,,,,
109477 j4i02295,WIDTH,OTHER METALLIC PROFILES,109477,No,mm,2 - Decimal,2,,,,
109477 j4i03334,CORE THICKNESS,OTHER METALLIC PROFILES,109477,No,mm,2 - Decimal,2,,,,
109477 j4i09064,DIAMETER OF THE ENVELOPE,OTHER METALLIC PROFILES,109477,No,mm,2 - Decimal,2,,,,
109478 j4i02112,DIAMETER,METALLIC RODS,109478,No,mm,2 - Decimal,2,,,,
109478 j4i02203,THICKNESS,METALLIC RODS,109478,No,mm,2 - Decimal,2,,,,
109557 j4i02203,THICKNESS,STEEL PROFILES,109557,No,mm,2 - Decimal,2,,,,
109557 j4i02265,HEIGHT,STEEL PROFILES,109557,No,mm,2 - Decimal,2,,,,
109557 j4i02295,WIDTH,STEEL PROFILES,109557,No,mm,2 - Decimal,2,,,,
109557 j4i03334,CORE THICKNESS,STEEL PROFILES,109557,No,mm,2 - Decimal,2,,,,
109557 j4i09064,DIAMETER OF THE ENVELOPE,STEEL PROFILES,109557,No,mm,2 - Decimal,2,,,,
109558 j4i02203,THICKNESS,ALUMINIUM PROFILES,109558,No,mm,2 - Decimal,2,,,,
109558 j4i02265,HEIGHT,ALUMINIUM PROFILES,109558,No,mm,2 - Decimal,2,,,,
109558 j4i02295,WIDTH,ALUMINIUM PROFILES,109558,No,mm,2 - Decimal,2,,,,
109558 j4i03334,CORE THICKNESS,ALUMINIUM PROFILES,109558,No,mm,2 - Decimal,2,,,,
109558 j4i09064,DIAMETER OF THE ENVELOPE,ALUMINIUM PROFILES,109558,No,mm,2 - Decimal,2,,,,
109574 j4i02273,EXTERNAL HEIGHT,FASTENING RAILS,109574,No,mm,2 - Decimal,2,,,,
109574 j4i02303,EXTERNAL WIDTH,FASTENING RAILS,109574,No,mm,2 - Decimal,2,,,,
109574 j4i02306,LENGTH,FASTENING RAILS,109574,No,mm,2 - Decimal,2,,,,
109574 j4i03640,OPENING,FASTENING RAILS,109574,No,mm,2 - Decimal,2,,,,
109574 j4i09575,INTERNAL WIDTH,FASTENING RAILS,109574,No,mm,2 - Decimal,2,,,,
109574 j4i09576,INTERNAL HEIGHT,FASTENING RAILS,109574,No,mm,2 - Decimal,2,,,,
105356 j4i02956,CABLE SECTION,TERMINAL BLOCKS,105356,No,mm2,2 - Decimal,2,,,,
108268 j4i02956,CABLE SECTION,FUSE HOLDERS FOR PRINTED CIRCUIT BOARD,108268,No,mm2,2 - Decimal,2,,,,
108405 j4i03581,FLEXIBLE WIRE CONNECTION CAPACITY,TERMINAL BLOCKS SIGNALLING,108405,No,mm2,2 - Decimal,2,,,,
108405 j4i03582,RIGID  WIRE CONNECTION CAPACITY,TERMINAL BLOCKS SIGNALLING,108405,No,mm2,2 - Decimal,2,,,,
108424 j4i03813,MINIMUM CABLE SECTION,CONTACT PLUGS FOR CONNECTORS SIGNALLING,108424,No,mm2,2 - Decimal,2,,,,
108424 j4i03814,MAXIMUM CABLE SECTION,CONTACT PLUGS FOR CONNECTORS SIGNALLING,108424,No,mm2,2 - Decimal,2,,,,
109232 j4i08892,SECTION,STANDARD CABLES,109232,No,mm2,2 - Decimal,2,,,,
109233 j4i03717,TYPE-1 CABLES - SECTION,SPECIFIC CABLES,109233,No,mm2,2 - Decimal,2,,,,
109233 j4i03718,TYPE-2 CABLES - SECTION,SPECIFIC CABLES,109233,No,mm2,2 - Decimal,2,,,,
109233 j4i03719,TYPE-3 CABLES - SECTION,SPECIFIC CABLES,109233,No,mm2,2 - Decimal,2,,,,
109233 j4i03724,TYPE-4 CABLES - SECTION,SPECIFIC CABLES,109233,No,mm2,2 - Decimal,2,,,,
109233 j4i08957,TYPE-5 CABLES - SECTION,SPECIFIC CABLES,109233,No,mm2,2 - Decimal,2,,,,
109264 j4i03813,MINIMUM CABLE SECTION,RELAY ACCESSORIES,109264,No,mm2,2 - Decimal,2,,,,
109264 j4i03814,MAXIMUM CABLE SECTION,RELAY ACCESSORIES,109264,No,mm2,2 - Decimal,2,,,,
109269 j4i08892,SECTION,GROUNDING DEVICES,109269,No,mm2,2 - Decimal,2,,,,
109272 j4i03813,MINIMUM CABLE SECTION,"LUGS, CLIPS, END-PIECES AND STRIPS",109272,No,mm2,2 - Decimal,2,,,,
109272 j4i03814,MAXIMUM CABLE SECTION,"LUGS, CLIPS, END-PIECES AND STRIPS",109272,No,mm2,2 - Decimal,2,,,,
109274 j4i03813,MINIMUM CABLE SECTION,CONTACTS FOR CONNECTORS,109274,No,mm2,2 - Decimal,2,,,,
109274 j4i03814,MAXIMUM CABLE SECTION,CONTACTS FOR CONNECTORS,109274,No,mm2,2 - Decimal,2,,,,
109299 j4i08892,SECTION,FIRE PREVENTION,109299,No,mm2,2 - Decimal,2,,,,
109279 j4i02948,INSULATION RESISTANCE,ELECTRICAL INSULATORS,109279,No,Mohm,2 - Decimal,2,,,,
109293 j4i02948,INSULATION RESISTANCE,TEMPERATURE AND HEAT MEASURING INSTRUMENTS,109293,No,Mohm,2 - Decimal,2,,,,
109242 j4i08985,TENSILE STRENGTH,CABLE TIES,109242,No,N,2 - Decimal,2,,,,
109393 j4i09119,RADIAL FORCE,TELESCOPIC SLIDES AND GUIDE RAILS,109393,No,N,2 - Decimal,2,,,,
109363 j4i09146,RESISTANCE TO TEARING,GLUES AND SEALANTS,109363,No,N/mm,2 - Decimal,2,,,,
105385 j4i03773,RECOVERED CHARGE,POWER / RECTIFICATION DIODES,105385,No,nC,2 - Decimal,2,,,,
105388 j4i03773,RECOVERED CHARGE,AVALANCHE DIODES,105388,No,nC,2 - Decimal,2,,,,
105389 j4i03773,RECOVERED CHARGE,DIODES BRIDGES,105389,No,nC,2 - Decimal,2,,,,
108249 j4i03773,RECOVERED CHARGE,POWER / RECTIFICATION DIODES FOR PRINTED CIRCUIT BOARD,108249,No,nC,2 - Decimal,2,,,,
108437 j4i03773,RECOVERED CHARGE,POWER DIODE ON SPECIFICATION,108437,No,nC,2 - Decimal,2,,,,
105338 j4i03137,CAPACITOR RATING,CERAMIC CAPACITORS,105338,No,nF,2 - Decimal,2,,,,
105339 j4i03137,CAPACITOR RATING,FILM CAPACITORS,105339,No,nF,2 - Decimal,2,,,,
105340 j4i03137,CAPACITOR RATING,ELECTROLYTIC CAPACITORS,105340,No,nF,2 - Decimal,2,,,,
105341 j4i03137,CAPACITOR RATING,TANTALUM CAPACITORS,105341,No,nF,2 - Decimal,2,,,,
105342 j4i02584,MAXIMUM ADJUSTMENT,ADJUSTABLE CAPACITORS,105342,No,nF,2 - Decimal,2,,,,
105342 j4i02891,ADJUSTMENT RANGE,ADJUSTABLE CAPACITORS,105342,No,nF,2 - Decimal,2,,,,
105342 j4i03137,CAPACITOR RATING,ADJUSTABLE CAPACITORS,105342,No,nF,2 - Decimal,2,,,,
105343 j4i03137,CAPACITOR RATING,CAPACITORS NETWORKS,105343,No,nF,2 - Decimal,2,,,,
107070 j4i03137,CAPACITOR RATING,FILTER CAPACITORS,107070,No,nF,2 - Decimal,2,,,,
108251 j4i03137,CAPACITOR RATING,ELECTROLYTIC CAPACITORS FOR PRINTED CIRCUIT BOARD,108251,No,nF,2 - Decimal,2,,,,
108438 j4i03137,CAPACITOR RATING,SPECIFIC CAPACITOR,108438,No,nF,2 - Decimal,2,,,,
105348 j4i03135,SPECIFIC INDUCTANCE RATING,FERO-MAGNETIC CIRCUITS,105348,No,nH,2 - Decimal,2,,,,
105411 j4i02311,WAVE LENGTH,OPTIC FIBRE TRANSMITTERS,105411,No,nm,2 - Decimal,2,,,,
105378 j4i02937,SPEED,MEMORY CIRCUITS,105378,No,ns,2 - Decimal,2,,,,
105072 j4i02279,IMPEDANCE,COAXIAL CONNECTORS,105072,No,ohm,2 - Decimal,2,,,,
105073 j4i02279,IMPEDANCE,COAXIAL LOADS,105073,No,ohm,2 - Decimal,2,,,,
105074 j4i02279,IMPEDANCE,COAXIAL BRANCHINGS,105074,No,ohm,2 - Decimal,2,,,,
105270 j4i02279,IMPEDANCE,AMPLIFIER,105270,No,ohm,2 - Decimal,2,,,,
105272 j4i02279,IMPEDANCE,LOUDSPEAKERS,105272,No,ohm,2 - Decimal,2,,,,
105277 j4i02279,IMPEDANCE,LOUDSPEAKER TRANSFORMER,105277,No,ohm,2 - Decimal,2,,,,
105281 j4i02279,IMPEDANCE,MICROPHONES,105281,No,ohm,2 - Decimal,2,,,,
105284 j4i02279,IMPEDANCE,MICROPHONE CELL,105284,No,ohm,2 - Decimal,2,,,,
105333 j4i03764,RESISTOR 1 VALUE,RESISTOR NETWORK,105333,No,ohm,2 - Decimal,2,,,,
105333 j4i03765,RESISTOR 2 VALUE,RESISTOR NETWORK,105333,No,ohm,2 - Decimal,2,,,,
105334 j4i03139,RESISTANCE VALUE,LOW POWER RESISTORS,105334,No,ohm,2 - Decimal,2,,,,
105335 j4i03139,RESISTANCE VALUE,ADJUSTABLE RESISTORS,105335,No,ohm,2 - Decimal,2,,,,
105362 j4i03139,RESISTANCE VALUE,POWER RESISTORS,105362,No,ohm,2 - Decimal,2,,,,
105393 j4i02943,RDS.,CHANNEL P TRANSISTORS,105393,No,ohm,2 - Decimal,2,,,,
105396 j4i02943,RDS.,CHANNEL N TRANSISTORS,105396,No,ohm,2 - Decimal,2,,,,
108252 j4i03139,RESISTANCE VALUE,POWER RESISTORS FOR PRINTED CIRCUIT BOARD,108252,No,ohm,2 - Decimal,2,,,,
108261 j4i02279,IMPEDANCE,COAXIAL CONNECTORS FOR PRINTED CIRCUIT BOARD,108261,No,ohm,2 - Decimal,2,,,,
108439 j4i03139,RESISTANCE VALUE,SPECIFIC POWER RESISTANCE,108439,No,ohm,2 - Decimal,2,,,,
108448 j4i03139,RESISTANCE VALUE,BRAKE RESISTANCE,108448,No,ohm,2 - Decimal,2,,,,
109232 j4i08935,CONTROLLED IMPEDANCE,STANDARD CABLES,109232,No,ohm,2 - Decimal,2,,,,
109233 j4i08939,TYPE-1 CABLES - CONTROLLED IMPEDANCE,SPECIFIC CABLES,109233,No,ohm,2 - Decimal,2,,,,
109233 j4i08944,TYPE-2 CABLES - CONTROLLED IMPEDANCE,SPECIFIC CABLES,109233,No,ohm,2 - Decimal,2,,,,
109233 j4i08949,TYPE-3 CABLES - CONTROLLED IMPEDANCE,SPECIFIC CABLES,109233,No,ohm,2 - Decimal,2,,,,
109233 j4i08954,TYPE-4 CABLES - CONTROLLED IMPEDANCE,SPECIFIC CABLES,109233,No,ohm,2 - Decimal,2,,,,
109233 j4i08962,TYPE-5 CABLES - CONTROLLED IMPEDANCE,SPECIFIC CABLES,109233,No,ohm,2 - Decimal,2,,,,
108441 j4i08357,PRESSURE DROP,AIR CIRCULATION AND COOLING EQUIPMENT FOR TRACTION,108441,No,Pa,2 - Decimal,2,,,,
109262 j4i03833,MINIMUM TIME DELAY,CONTACTOR ACCESSORIES,109262,No,s,2 - Decimal,2,,,,
109262 j4i03834,MAXIMUM TIME DELAY,CONTACTOR ACCESSORIES,109262,No,s,2 - Decimal,2,,,,
109263 j4i03833,MINIMUM TIME DELAY,RELAYS,109263,No,s,2 - Decimal,2,,,,
109263 j4i03834,MAXIMUM TIME DELAY,RELAYS,109263,No,s,2 - Decimal,2,,,,
109293 j4i09024,RESPONSE TIME,TEMPERATURE AND HEAT MEASURING INSTRUMENTS,109293,No,s,2 - Decimal,2,,,,
109363 j4i09143,OPENING TIME,GLUES AND SEALANTS,109363,No,s,2 - Decimal,2,,,,
109367 j4i09228,SHINE,OLD PAINTING PRODUCTS,109367,No,UB,2 - Decimal,2,,,,
109368 j4i09228,SHINE,POWDER PAINTINGS,109368,No,UB,2 - Decimal,2,,,,
101337 j4i02995,SUPPLY VOLTAGE,RESTROOM SUPPLIES,101337,No,V,2 - Decimal,2,,,,
105002 j4i02995,SUPPLY VOLTAGE,PANTOGRAPHS,105002,No,V,2 - Decimal,2,,,,
105003 j4i03002,NOMINAL VOLTAGE MAX,SPECIFIC INDUCTANCE,105003,No,V,2 - Decimal,2,,,,
105005 j4i03002,NOMINAL VOLTAGE MAX,RECTIFIERS,105005,No,V,2 - Decimal,2,,,,
105013 j4i02995,SUPPLY VOLTAGE,CURRENT SENSORS,105013,No,V,2 - Decimal,2,,,,
105015 j4i02999,OUTPUT VOLTAGE,TEMPERATURE SENSORS,105015,No,V,2 - Decimal,2,,,,
105016 j4i02999,OUTPUT VOLTAGE,PRESSURE SENSORS,105016,No,V,2 - Decimal,2,,,,
105017 j4i02999,OUTPUT VOLTAGE,SIGNAL SENSORS,105017,No,V,2 - Decimal,2,,,,
105021 j4i03789,COIL VOLTAGE,ROOF CIRCUIT BREAKERS,105021,No,V,2 - Decimal,2,,,,
105022 j4i03002,NOMINAL VOLTAGE MAX,LIGHTNING ARRESTORS,105022,No,V,2 - Decimal,2,,,,
105023 j4i03002,NOMINAL VOLTAGE MAX,HIGH FREQUENCY FILTERS,105023,No,V,2 - Decimal,2,,,,
105024 j4i02995,SUPPLY VOLTAGE,SUPPLY DETECTION,105024,No,V,2 - Decimal,2,,,,
105069 j4i03002,NOMINAL VOLTAGE MAX,SUB-D CONNECTOR,105069,No,V,2 - Decimal,2,,,,
105164 j4i03002,NOMINAL VOLTAGE MAX,GENERAL-PURPOSE TERMINALS,105164,No,V,2 - Decimal,2,,,,
105175 j4i03790,MAXIMUM VOLTAGE OF CONTACTS,SPECIFIC DISCONNECT SWITCH,105175,No,V,2 - Decimal,2,,,,
105263 j4i02995,SUPPLY VOLTAGE,RADIO RACKS,105263,No,V,2 - Decimal,2,,,,
105265 j4i02995,SUPPLY VOLTAGE,RADIO HANDSETS,105265,No,V,2 - Decimal,2,,,,
105266 j4i02995,SUPPLY VOLTAGE,RADIO CONTROL UNITS,105266,No,V,2 - Decimal,2,,,,
105269 j4i02995,SUPPLY VOLTAGE,PREAMPLIFIER,105269,No,V,2 - Decimal,2,,,,
105269 j4i03268,INPUT LEVEL,PREAMPLIFIER,105269,No,V,2 - Decimal,2,,,,
105269 j4i03269,OUTPUT LEVEL,PREAMPLIFIER,105269,No,V,2 - Decimal,2,,,,
105270 j4i02995,SUPPLY VOLTAGE,AMPLIFIER,105270,No,V,2 - Decimal,2,,,,
105270 j4i03268,INPUT LEVEL,AMPLIFIER,105270,No,V,2 - Decimal,2,,,,
105277 j4i02995,SUPPLY VOLTAGE,LOUDSPEAKER TRANSFORMER,105277,No,V,2 - Decimal,2,,,,
105279 j4i02995,SUPPLY VOLTAGE,TELEPHONE RADIO HANDSETS,105279,No,V,2 - Decimal,2,,,,
105281 j4i02995,SUPPLY VOLTAGE,MICROPHONES,105281,No,V,2 - Decimal,2,,,,
105284 j4i02995,SUPPLY VOLTAGE,MICROPHONE CELL,105284,No,V,2 - Decimal,2,,,,
105289 j4i02995,SUPPLY VOLTAGE,SCREENS,105289,No,V,2 - Decimal,2,,,,
105290 j4i02995,SUPPLY VOLTAGE,AUDIO / VIDEO RACKS,105290,No,V,2 - Decimal,2,,,,
105291 j4i02995,SUPPLY VOLTAGE,LISTENING UNIT,105291,No,V,2 - Decimal,2,,,,
105295 j4i02995,SUPPLY VOLTAGE,PASSENGER INFORMATION MANAGEMENT UNITS,105295,No,V,2 - Decimal,2,,,,
105296 j4i02995,SUPPLY VOLTAGE,PASSENGER INFORMATION CONTROL UNITS,105296,No,V,2 - Decimal,2,,,,
105301 j4i03002,NOMINAL VOLTAGE MAX,KEYBOARDS,105301,No,V,2 - Decimal,2,,,,
105327 j4i02998,BRAEKDOWN VOLTAGE,ELECTRIC SHEET INSULATORS,105327,No,V,2 - Decimal,2,,,,
105329 j4i02998,BRAEKDOWN VOLTAGE,ELECTRO-THERMAL SHEET INSULATORS,105329,No,V,2 - Decimal,2,,,,
105336 j4i03002,NOMINAL VOLTAGE MAX,VARISTORS / CROWBARS,105336,No,V,2 - Decimal,2,,,,
105338 j4i03002,NOMINAL VOLTAGE MAX,CERAMIC CAPACITORS,105338,No,V,2 - Decimal,2,,,,
105339 j4i03002,NOMINAL VOLTAGE MAX,FILM CAPACITORS,105339,No,V,2 - Decimal,2,,,,
105340 j4i03002,NOMINAL VOLTAGE MAX,ELECTROLYTIC CAPACITORS,105340,No,V,2 - Decimal,2,,,,
105341 j4i03002,NOMINAL VOLTAGE MAX,TANTALUM CAPACITORS,105341,No,V,2 - Decimal,2,,,,
105342 j4i03002,NOMINAL VOLTAGE MAX,ADJUSTABLE CAPACITORS,105342,No,V,2 - Decimal,2,,,,
105343 j4i03002,NOMINAL VOLTAGE MAX,CAPACITORS NETWORKS,105343,No,V,2 - Decimal,2,,,,
105345 j4i03002,NOMINAL VOLTAGE MAX,TIME BASE OSCILLATORS,105345,No,V,2 - Decimal,2,,,,
105347 j4i03002,NOMINAL VOLTAGE MAX,INDUCTION COILS/INDUCTIVE REACTANCES,105347,No,V,2 - Decimal,2,,,,
105350 j4i03003,PRIMARY VOLTAGE,IMPULSE TRANSFORMERS,105350,No,V,2 - Decimal,2,,,,
105350 j4i03004,SECONDARY VOLTAGE,IMPULSE TRANSFORMERS,105350,No,V,2 - Decimal,2,,,,
105351 j4i03003,PRIMARY VOLTAGE,SUPPLY TRANSFORMER,105351,No,V,2 - Decimal,2,,,,
105351 j4i03004,SECONDARY VOLTAGE,SUPPLY TRANSFORMER,105351,No,V,2 - Decimal,2,,,,
105352 j4i03003,PRIMARY VOLTAGE,ISOLATING TRANSFORMERS,105352,No,V,2 - Decimal,2,,,,
105352 j4i03004,SECONDARY VOLTAGE,ISOLATING TRANSFORMERS,105352,No,V,2 - Decimal,2,,,,
105356 j4i03002,NOMINAL VOLTAGE MAX,TERMINAL BLOCKS,105356,No,V,2 - Decimal,2,,,,
105379 j4i03738,MINIMUM OPERATING VOLTAGE,ANALOGIC CIRCUITS,105379,No,V,2 - Decimal,2,,,,
105379 j4i03739,MAXIMUM OPERATING VOLTAGE,ANALOGIC CIRCUITS,105379,No,V,2 - Decimal,2,,,,
105388 j4i02996,CLIPPING VOLTAGE,AVALANCHE DIODES,105388,No,V,2 - Decimal,2,,,,
105397 j4i03002,NOMINAL VOLTAGE MAX,THYRISTORS AND GTOS,105397,No,V,2 - Decimal,2,,,,
105397 j4i03777,INSULATION VOLTAGE,THYRISTORS AND GTOS,105397,No,V,2 - Decimal,2,,,,
105401 j4i03777,INSULATION VOLTAGE,IGBT,105401,No,V,2 - Decimal,2,,,,
105404 j4i03002,NOMINAL VOLTAGE MAX,DISPLAY INDICATORS,105404,No,V,2 - Decimal,2,,,,
105408 j4i03002,NOMINAL VOLTAGE MAX,LEDS DISPLAYS,105408,No,V,2 - Decimal,2,,,,
105410 j4i02997,INPUT VOLTAGE,OPTOCOUPLERS,105410,No,V,2 - Decimal,2,,,,
105410 j4i02999,OUTPUT VOLTAGE,OPTOCOUPLERS,105410,No,V,2 - Decimal,2,,,,
105410 j4i03777,INSULATION VOLTAGE,OPTOCOUPLERS,105410,No,V,2 - Decimal,2,,,,
105411 j4i02997,INPUT VOLTAGE,OPTIC FIBRE TRANSMITTERS,105411,No,V,2 - Decimal,2,,,,
105412 j4i02999,OUTPUT VOLTAGE,OPTIC FIBRE RECEIVERS,105412,No,V,2 - Decimal,2,,,,
105433 j4i03002,NOMINAL VOLTAGE MAX,ELECTRO-MAGNETS,105433,No,V,2 - Decimal,2,,,,
105437 j4i02995,SUPPLY VOLTAGE,SPEED SENSORS,105437,No,V,2 - Decimal,2,,,,
107070 j4i03002,NOMINAL VOLTAGE MAX,FILTER CAPACITORS,107070,No,V,2 - Decimal,2,,,,
108248 j4i02999,OUTPUT VOLTAGE,POWER SUPPLY / CONVERTERS FOR PRINTED CIRCUIT BOARD,108248,No,V,2 - Decimal,2,,,,
108248 j4i03002,NOMINAL VOLTAGE MAX,POWER SUPPLY / CONVERTERS FOR PRINTED CIRCUIT BOARD,108248,No,V,2 - Decimal,2,,,,
108248 j4i03738,MINIMUM OPERATING VOLTAGE,POWER SUPPLY / CONVERTERS FOR PRINTED CIRCUIT BOARD,108248,No,V,2 - Decimal,2,,,,
108248 j4i03739,MAXIMUM OPERATING VOLTAGE,POWER SUPPLY / CONVERTERS FOR PRINTED CIRCUIT BOARD,108248,No,V,2 - Decimal,2,,,,
108251 j4i03002,NOMINAL VOLTAGE MAX,ELECTROLYTIC CAPACITORS FOR PRINTED CIRCUIT BOARD,108251,No,V,2 - Decimal,2,,,,
108253 j4i03002,NOMINAL VOLTAGE MAX,CYLINDRICAL CONNECTORS FOR PRINTED CIRCUIT BOARD,108253,No,V,2 - Decimal,2,,,,
108254 j4i03002,NOMINAL VOLTAGE MAX,POWER CONNECTORS FOR PRINTED CIRCUIT BOARD,108254,No,V,2 - Decimal,2,,,,
108258 j4i03002,NOMINAL VOLTAGE MAX,RECTANGULAR CONNECTORS FOR PRINTED CIRCUIT BOARD,108258,No,V,2 - Decimal,2,,,,
108263 j4i03789,COIL VOLTAGE,BISTABLE RELAYS FOR PRINTED CIRCUIT BOARD,108263,No,V,2 - Decimal,2,,,,
108263 j4i03790,MAXIMUM VOLTAGE OF CONTACTS,BISTABLE RELAYS FOR PRINTED CIRCUIT BOARD,108263,No,V,2 - Decimal,2,,,,
108264 j4i03789,COIL VOLTAGE,MONOSTABLE RELAYS FOR PRINTED CIRCUIT BOARD,108264,No,V,2 - Decimal,2,,,,
108264 j4i03790,MAXIMUM VOLTAGE OF CONTACTS,MONOSTABLE RELAYS FOR PRINTED CIRCUIT BOARD,108264,No,V,2 - Decimal,2,,,,
108267 j4i03002,NOMINAL VOLTAGE MAX,FUSES FOR PRINTED CIRCUIT BOARD,108267,No,V,2 - Decimal,2,,,,
108268 j4i03002,NOMINAL VOLTAGE MAX,FUSE HOLDERS FOR PRINTED CIRCUIT BOARD,108268,No,V,2 - Decimal,2,,,,
108405 j4i03002,NOMINAL VOLTAGE MAX,TERMINAL BLOCKS SIGNALLING,108405,No,V,2 - Decimal,2,,,,
108419 j4i03002,NOMINAL VOLTAGE MAX,RECTANGULAR CONNECTORS SIGNALLING,108419,No,V,2 - Decimal,2,,,,
108424 j4i03002,NOMINAL VOLTAGE MAX,CONTACT PLUGS FOR CONNECTORS SIGNALLING,108424,No,V,2 - Decimal,2,,,,
108428 j4i03739,MAXIMUM OPERATING VOLTAGE,MICRO-CIRCUIT BREAKERS SIGNALLING,108428,No,V,2 - Decimal,2,,,,
108435 j4i03738,MINIMUM OPERATING VOLTAGE,STATIC CONVERTERS,108435,No,V,2 - Decimal,2,,,,
108435 j4i03739,MAXIMUM OPERATING VOLTAGE,STATIC CONVERTERS,108435,No,V,2 - Decimal,2,,,,
108437 j4i03002,NOMINAL VOLTAGE MAX,POWER DIODE ON SPECIFICATION,108437,No,V,2 - Decimal,2,,,,
108437 j4i03777,INSULATION VOLTAGE,POWER DIODE ON SPECIFICATION,108437,No,V,2 - Decimal,2,,,,
108438 j4i03002,NOMINAL VOLTAGE MAX,SPECIFIC CAPACITOR,108438,No,V,2 - Decimal,2,,,,
108439 j4i03002,NOMINAL VOLTAGE MAX,SPECIFIC POWER RESISTANCE,108439,No,V,2 - Decimal,2,,,,
108445 j4i03002,NOMINAL VOLTAGE MAX,SPECIFIC SWITCH,108445,No,V,2 - Decimal,2,,,,
108447 j4i02979,DROP OUT THRESHOLD,HIGH VOLTAGE RELAY,108447,No,V,2 - Decimal,2,,,,
108447 j4i03739,MAXIMUM OPERATING VOLTAGE,HIGH VOLTAGE RELAY,108447,No,V,2 - Decimal,2,,,,
108447 j4i03790,MAXIMUM VOLTAGE OF CONTACTS,HIGH VOLTAGE RELAY,108447,No,V,2 - Decimal,2,,,,
108448 j4i03739,MAXIMUM OPERATING VOLTAGE,BRAKE RESISTANCE,108448,No,V,2 - Decimal,2,,,,
108454 j4i03002,NOMINAL VOLTAGE MAX,CONNECTEURS SPECIFIQUES,108454,No,V,2 - Decimal,2,,,,
109232 j4i08882,NOMINAL VOLTAGE,STANDARD CABLES,109232,No,V,2 - Decimal,2,,,,
109233 j4i08940,TYPE-1 CABLES - NOMINAL VOLTAGE,SPECIFIC CABLES,109233,No,V,2 - Decimal,2,,,,
109233 j4i08945,TYPE-2 CABLES - NOMINAL VOLTAGE,SPECIFIC CABLES,109233,No,V,2 - Decimal,2,,,,
109233 j4i08950,TYPE-3 CABLES - NOMINAL VOLTAGE,SPECIFIC CABLES,109233,No,V,2 - Decimal,2,,,,
109233 j4i08955,TYPE-4 CABLES - NOMINAL VOLTAGE,SPECIFIC CABLES,109233,No,V,2 - Decimal,2,,,,
109233 j4i08963,TYPE-5 CABLES - NOMINAL VOLTAGE,SPECIFIC CABLES,109233,No,V,2 - Decimal,2,,,,
109254 j4i03738,MINIMUM OPERATING VOLTAGE,SWITCHES,109254,No,V,2 - Decimal,2,,,,
109254 j4i03739,MAXIMUM OPERATING VOLTAGE,SWITCHES,109254,No,V,2 - Decimal,2,,,,
109255 j4i03738,MINIMUM OPERATING VOLTAGE,SWITCHING ELEMENTS,109255,No,V,2 - Decimal,2,,,,
109255 j4i03739,MAXIMUM OPERATING VOLTAGE,SWITCHING ELEMENTS,109255,No,V,2 - Decimal,2,,,,
109259 j4i03738,MINIMUM OPERATING VOLTAGE,INDICATOR OR PILOT LIGHTS,109259,No,V,2 - Decimal,2,,,,
109259 j4i03739,MAXIMUM OPERATING VOLTAGE,INDICATOR OR PILOT LIGHTS,109259,No,V,2 - Decimal,2,,,,
109261 j4i03790,MAXIMUM VOLTAGE OF CONTACTS,CONTACTORS,109261,No,V,2 - Decimal,2,,,,
109261 j4i08907,MINIMUM COIL VOLTAGE,CONTACTORS,109261,No,V,2 - Decimal,2,,,,
109261 j4i08908,MAXIMUM COIL VOLTAGE,CONTACTORS,109261,No,V,2 - Decimal,2,,,,
109262 j4i03739,MAXIMUM OPERATING VOLTAGE,CONTACTOR ACCESSORIES,109262,No,V,2 - Decimal,2,,,,
109262 j4i03790,MAXIMUM VOLTAGE OF CONTACTS,CONTACTOR ACCESSORIES,109262,No,V,2 - Decimal,2,,,,
109262 j4i08929,MAXIMUM CLIPPING VOLTAGE,CONTACTOR ACCESSORIES,109262,No,V,2 - Decimal,2,,,,
109263 j4i02979,DROP OUT THRESHOLD,RELAYS,109263,No,V,2 - Decimal,2,,,,
109263 j4i03790,MAXIMUM VOLTAGE OF CONTACTS,RELAYS,109263,No,V,2 - Decimal,2,,,,
109263 j4i08907,MINIMUM COIL VOLTAGE,RELAYS,109263,No,V,2 - Decimal,2,,,,
109263 j4i08908,MAXIMUM COIL VOLTAGE,RELAYS,109263,No,V,2 - Decimal,2,,,,
109264 j4i02996,CLIPPING VOLTAGE,RELAY ACCESSORIES,109264,No,V,2 - Decimal,2,,,,
109266 j4i02999,OUTPUT VOLTAGE,POWER CONDITIONING EQUIPMENT,109266,No,V,2 - Decimal,2,,,,
109266 j4i03003,PRIMARY VOLTAGE,POWER CONDITIONING EQUIPMENT,109266,No,V,2 - Decimal,2,,,,
109266 j4i03004,SECONDARY VOLTAGE,POWER CONDITIONING EQUIPMENT,109266,No,V,2 - Decimal,2,,,,
109266 j4i03738,MINIMUM OPERATING VOLTAGE,POWER CONDITIONING EQUIPMENT,109266,No,V,2 - Decimal,2,,,,
109266 j4i03739,MAXIMUM OPERATING VOLTAGE,POWER CONDITIONING EQUIPMENT,109266,No,V,2 - Decimal,2,,,,
109266 j4i03789,COIL VOLTAGE,POWER CONDITIONING EQUIPMENT,109266,No,V,2 - Decimal,2,,,,
109268 j4i03738,MINIMUM OPERATING VOLTAGE,CIRCUIT BREAKERS,109268,No,V,2 - Decimal,2,,,,
109268 j4i03739,MAXIMUM OPERATING VOLTAGE,CIRCUIT BREAKERS,109268,No,V,2 - Decimal,2,,,,
109270 j4i03739,MAXIMUM OPERATING VOLTAGE,FUSE PARTS OR ACCESSORIES,109270,No,V,2 - Decimal,2,,,,
109273 j4i08882,NOMINAL VOLTAGE,CONNECTORS,109273,No,V,2 - Decimal,2,,,,
109276 j4i08882,NOMINAL VOLTAGE,ELECTRICAL TERMINAL BLOCKS,109276,No,V,2 - Decimal,2,,,,
109279 j4i03739,MAXIMUM OPERATING VOLTAGE,ELECTRICAL INSULATORS,109279,No,V,2 - Decimal,2,,,,
109280 j4i08882,NOMINAL VOLTAGE,ELECTRICAL PLUGS AND ACCESSORIES,109280,No,V,2 - Decimal,2,,,,
109282 j4i03738,MINIMUM OPERATING VOLTAGE,LAMPS AND LIGHTBULBS AND LAMP COMPONENTS,109282,No,V,2 - Decimal,2,,,,
109282 j4i03739,MAXIMUM OPERATING VOLTAGE,LAMPS AND LIGHTBULBS AND LAMP COMPONENTS,109282,No,V,2 - Decimal,2,,,,
109283 j4i03738,MINIMUM OPERATING VOLTAGE,LIGHTING FIXTURES AND ACCESSORIES,109283,No,V,2 - Decimal,2,,,,
109283 j4i03739,MAXIMUM OPERATING VOLTAGE,LIGHTING FIXTURES AND ACCESSORIES,109283,No,V,2 - Decimal,2,,,,
109284 j4i03738,MINIMUM OPERATING VOLTAGE,EXTERIOR VEHICLE LIGHTING,109284,No,V,2 - Decimal,2,,,,
109284 j4i03739,MAXIMUM OPERATING VOLTAGE,EXTERIOR VEHICLE LIGHTING,109284,No,V,2 - Decimal,2,,,,
109286 j4i08882,NOMINAL VOLTAGE,MOTORS,109286,No,V,2 - Decimal,2,,,,
109287 j4i02997,INPUT VOLTAGE,BATTERIES AND ACCESSORIES,109287,No,V,2 - Decimal,2,,,,
109287 j4i08882,NOMINAL VOLTAGE,BATTERIES AND ACCESSORIES,109287,No,V,2 - Decimal,2,,,,
109290 j4i02995,SUPPLY VOLTAGE,DOMESTIC APPLIANCES,109290,No,V,2 - Decimal,2,,,,
109292 j4i03738,MINIMUM OPERATING VOLTAGE,ELECTRICAL INDICATING AND RECORDING INSTRUMENTS,109292,No,V,2 - Decimal,2,,,,
109292 j4i03739,MAXIMUM OPERATING VOLTAGE,ELECTRICAL INDICATING AND RECORDING INSTRUMENTS,109292,No,V,2 - Decimal,2,,,,
109292 j4i09011,MEASURING RANGE: MINIMUM VALUE,ELECTRICAL INDICATING AND RECORDING INSTRUMENTS,109292,No,V,2 - Decimal,2,,,,
109292 j4i09012,MEASURING RANGE: MAXIMUM VALUE,ELECTRICAL INDICATING AND RECORDING INSTRUMENTS,109292,No,V,2 - Decimal,2,,,,
109293 j4i03738,MINIMUM OPERATING VOLTAGE,TEMPERATURE AND HEAT MEASURING INSTRUMENTS,109293,No,V,2 - Decimal,2,,,,
109293 j4i03739,MAXIMUM OPERATING VOLTAGE,TEMPERATURE AND HEAT MEASURING INSTRUMENTS,109293,No,V,2 - Decimal,2,,,,
109294 j4i08922,MEASURING RANGE V/AC MAX,ELECTRICAL MEASURING AND TESTING EQUIPMENT AND ACCESSORIES,109294,No,V,2 - Decimal,2,,,,
109294 j4i08923,MEASURING RANGE V/DC MAX,ELECTRICAL MEASURING AND TESTING EQUIPMENT AND ACCESSORIES,109294,No,V,2 - Decimal,2,,,,
109295 j4i02995,SUPPLY VOLTAGE,PRESSURE MEASURING AND CONTROL INSTRUMENTS,109295,No,V,2 - Decimal,2,,,,
109297 j4i03738,MINIMUM OPERATING VOLTAGE,SAFETY HORNS,109297,No,V,2 - Decimal,2,,,,
109297 j4i03739,MAXIMUM OPERATING VOLTAGE,SAFETY HORNS,109297,No,V,2 - Decimal,2,,,,
109299 j4i03738,MINIMUM OPERATING VOLTAGE,FIRE PREVENTION,109299,No,V,2 - Decimal,2,,,,
109299 j4i03739,MAXIMUM OPERATING VOLTAGE,FIRE PREVENTION,109299,No,V,2 - Decimal,2,,,,
109303 j4i03738,MINIMUM OPERATING VOLTAGE,"VENTILATION, PARTS AND ACCESSORIES",109303,No,V,2 - Decimal,2,,,,
109303 j4i03739,MAXIMUM OPERATING VOLTAGE,"VENTILATION, PARTS AND ACCESSORIES",109303,No,V,2 - Decimal,2,,,,
109304 j4i03738,MINIMUM OPERATING VOLTAGE,"COOLING EQUIPMENT, PARTS AND ACCESSORIES",109304,No,V,2 - Decimal,2,,,,
109304 j4i03739,MAXIMUM OPERATING VOLTAGE,"COOLING EQUIPMENT, PARTS AND ACCESSORIES",109304,No,V,2 - Decimal,2,,,,
109305 j4i03738,MINIMUM OPERATING VOLTAGE,"HEATING EQUIPMENT, PARTS AND ACCESSORIES",109305,No,V,2 - Decimal,2,,,,
109305 j4i03739,MAXIMUM OPERATING VOLTAGE,"HEATING EQUIPMENT, PARTS AND ACCESSORIES",109305,No,V,2 - Decimal,2,,,,
109306 j4i03738,MINIMUM OPERATING VOLTAGE,"AIR CIRCULATION, PARTS AND ACCESSORIES",109306,No,V,2 - Decimal,2,,,,
109306 j4i03739,MAXIMUM OPERATING VOLTAGE,"AIR CIRCULATION, PARTS AND ACCESSORIES",109306,No,V,2 - Decimal,2,,,,
109309 j4i03738,MINIMUM OPERATING VOLTAGE,WINDSHIELD WIPERS,109309,No,V,2 - Decimal,2,,,,
109309 j4i03739,MAXIMUM OPERATING VOLTAGE,WINDSHIELD WIPERS,109309,No,V,2 - Decimal,2,,,,
109351 j4i02995,SUPPLY VOLTAGE,SOLENOID VALVES,109351,No,V,2 - Decimal,2,,,,
109358 j4i03002,NOMINAL VOLTAGE MAX,HYDRAULIC / PNEUMATIC ACCESSORIES,109358,No,V,2 - Decimal,2,,,,
109359 j4i02995,SUPPLY VOLTAGE,PUMPS AND COMPRESSORS,109359,No,V,2 - Decimal,2,,,,
109586 j4i03002,NOMINAL VOLTAGE MAX,CIRCUIT BREAKER ACCESSORIES,109586,No,V,2 - Decimal,2,,,,
105005 j4i02931,POWER,RECTIFIERS,105005,No,W,2 - Decimal,2,,,,
105073 j4i02931,POWER,COAXIAL LOADS,105073,No,W,2 - Decimal,2,,,,
105263 j4i02931,POWER,RADIO RACKS,105263,No,W,2 - Decimal,2,,,,
105265 j4i02931,POWER,RADIO HANDSETS,105265,No,W,2 - Decimal,2,,,,
105266 j4i02931,POWER,RADIO CONTROL UNITS,105266,No,W,2 - Decimal,2,,,,
105270 j4i02931,POWER,AMPLIFIER,105270,No,W,2 - Decimal,2,,,,
105272 j4i02931,POWER,LOUDSPEAKERS,105272,No,W,2 - Decimal,2,,,,
105277 j4i02931,POWER,LOUDSPEAKER TRANSFORMER,105277,No,W,2 - Decimal,2,,,,
105287 j4i02931,POWER,ANTENNAS,105287,No,W,2 - Decimal,2,,,,
105289 j4i02931,POWER,SCREENS,105289,No,W,2 - Decimal,2,,,,
105290 j4i02931,POWER,AUDIO / VIDEO RACKS,105290,No,W,2 - Decimal,2,,,,
105291 j4i02931,POWER,LISTENING UNIT,105291,No,W,2 - Decimal,2,,,,
105333 j4i03763,UNITARY POWER AT 70°,RESISTOR NETWORK,105333,No,W,2 - Decimal,2,,,,
105334 j4i02931,POWER,LOW POWER RESISTORS,105334,No,W,2 - Decimal,2,,,,
105335 j4i02931,POWER,ADJUSTABLE RESISTORS,105335,No,W,2 - Decimal,2,,,,
105336 j4i02931,POWER,VARISTORS / CROWBARS,105336,No,W,2 - Decimal,2,,,,
105350 j4i02931,POWER,IMPULSE TRANSFORMERS,105350,No,W,2 - Decimal,2,,,,
105351 j4i02931,POWER,SUPPLY TRANSFORMER,105351,No,W,2 - Decimal,2,,,,
105352 j4i02931,POWER,ISOLATING TRANSFORMERS,105352,No,W,2 - Decimal,2,,,,
105362 j4i02931,POWER,POWER RESISTORS,105362,No,W,2 - Decimal,2,,,,
105385 j4i02931,POWER,POWER / RECTIFICATION DIODES,105385,No,W,2 - Decimal,2,,,,
105386 j4i02931,POWER,ZENER DIODES,105386,No,W,2 - Decimal,2,,,,
105387 j4i02196,ENERGY / POWER,CROWBAR / PROTECTION DIODES,105387,No,W,2 - Decimal,2,,,,
105389 j4i02931,POWER,DIODES BRIDGES,105389,No,W,2 - Decimal,2,,,,
105390 j4i02931,POWER,SCHOTTKY / SIGNALLING DIODES,105390,No,W,2 - Decimal,2,,,,
105392 j4i02931,POWER,TWO-POLE NPN TRANSISTORS,105392,No,W,2 - Decimal,2,,,,
105393 j4i02931,POWER,CHANNEL P TRANSISTORS,105393,No,W,2 - Decimal,2,,,,
105394 j4i02931,POWER,TWO-POLE PNP TRANSISTORS,105394,No,W,2 - Decimal,2,,,,
105395 j4i02931,POWER,UNIJUNCTION TRANSISTORS,105395,No,W,2 - Decimal,2,,,,
105396 j4i02931,POWER,CHANNEL N TRANSISTORS,105396,No,W,2 - Decimal,2,,,,
105397 j4i02931,POWER,THYRISTORS AND GTOS,105397,No,W,2 - Decimal,2,,,,
105401 j4i02931,POWER,IGBT,105401,No,W,2 - Decimal,2,,,,
108248 j4i02931,POWER,POWER SUPPLY / CONVERTERS FOR PRINTED CIRCUIT BOARD,108248,No,W,2 - Decimal,2,,,,
108249 j4i02931,POWER,POWER / RECTIFICATION DIODES FOR PRINTED CIRCUIT BOARD,108249,No,W,2 - Decimal,2,,,,
108252 j4i02931,POWER,POWER RESISTORS FOR PRINTED CIRCUIT BOARD,108252,No,W,2 - Decimal,2,,,,
108435 j4i02931,POWER,STATIC CONVERTERS,108435,No,W,2 - Decimal,2,,,,
108439 j4i02931,POWER,SPECIFIC POWER RESISTANCE,108439,No,W,2 - Decimal,2,,,,
108441 j4i02931,POWER,AIR CIRCULATION AND COOLING EQUIPMENT FOR TRACTION,108441,No,W,2 - Decimal,2,,,,
108448 j4i02931,POWER,BRAKE RESISTANCE,108448,No,W,2 - Decimal,2,,,,
109261 j4i08912,RATED POWER,CONTACTORS,109261,No,W,2 - Decimal,2,,,,
109266 j4i02931,POWER,POWER CONDITIONING EQUIPMENT,109266,No,W,2 - Decimal,2,,,,
109282 j4i02931,POWER,LAMPS AND LIGHTBULBS AND LAMP COMPONENTS,109282,No,W,2 - Decimal,2,,,,
109283 j4i02931,POWER,LIGHTING FIXTURES AND ACCESSORIES,109283,No,W,2 - Decimal,2,,,,
109284 j4i02931,POWER,EXTERIOR VEHICLE LIGHTING,109284,No,W,2 - Decimal,2,,,,
109286 j4i08912,RATED POWER,MOTORS,109286,No,W,2 - Decimal,2,,,,
109289 j4i03989,MECHANICAL POWER,POWER PACKS AND ENERGY EQUIPMENTS,109289,No,W,2 - Decimal,2,,,,
109290 j4i02931,POWER,DOMESTIC APPLIANCES,109290,No,W,2 - Decimal,2,,,,
109297 j4i02931,POWER,SAFETY HORNS,109297,No,W,2 - Decimal,2,,,,
109303 j4i02931,POWER,"VENTILATION, PARTS AND ACCESSORIES",109303,No,W,2 - Decimal,2,,,,
109304 j4i02931,POWER,"COOLING EQUIPMENT, PARTS AND ACCESSORIES",109304,No,W,2 - Decimal,2,,,,
109305 j4i02931,POWER,"HEATING EQUIPMENT, PARTS AND ACCESSORIES",109305,No,W,2 - Decimal,2,,,,
109309 j4i02931,POWER,WINDSHIELD WIPERS,109309,No,W,2 - Decimal,2,,,,
